country,1950,1951,1952,1953,1954,1955,1956,1957,1958,1959,1960,1961,1962,1963,1964,1965,1966,1967,1968,1969,1970,1971,1972,1973,1974,1975,1976,1977,1978,1979,1980,1981,1982,1983,1984,1985,1986,1987,1988,1989,1990,1991,1992,1993,1994,1995,1996,1997,1998,1999,2000,2001,2002,2003,2004,2005,2006,2007,2008,2009,2010,2011,2012,2013,2014,2015,2016
Afghanistan,,,,,,,,,,,,,,,,,,,,,,,,,,,,,,,,,,,,,,,,,28.8,29.1,29.6,30.3,31.1,31.6,32.1,32.4,32.8,33.3,33.9,34.5,34.7,35,35.5,35.9,36.2,36.4,36.6,36.5,36.4,36.2,36,35.8,35.6,35.5,35.4
Albania,,,,,,,,,,,,,,,,,,,,,,,,,,,,,,,,,,,,,,6.57,6.54,8.08,,,9.03,9.09,9.2,9.44,9.7,10.1,10.6,11.2,11.6,11.9,12.3,12.8,13.1,13.4,13.5,13.4,13.5,13.3,13,12.8,12.6,12.4,12.3,12.2,12
Algeria,,,,,,,,,,,,,,,,,,,,,,,,,,,,,,,,,,,,,,,,,10.9,11,11.5,12,12.5,13.1,12.8,12.6,12.4,12.4,12.4,12.4,12.7,12.9,13.3,13.9,14.2,14.1,14.1,14.2,14.2,14.2,14.3,14.3,14.4,14.4,14.4
Andorra,,,,,,,,,,,,,,,,,,,,,,,,,,,,,,,,,,,,,,,,,25.4,25.2,24.9,25.3,25.8,24.6,23.7,22.9,22.1,21.4,20.8,20.1,19.6,19.1,19.3,18.8,18.6,18.4,18.5,18.9,18.9,19.1,19.2,19.2,19.3,19.4,19.4
Angola,,,,,,,,,,,,,,,,,,,,,,,,,,,,,,,,,,,,,,,,,17.4,17.4,17.5,18.2,18.9,19.3,19.3,19.1,20.1,19.9,19.8,19.9,20,20.4,20.7,20.7,20.9,20.7,20.6,20.4,20.1,19.9,19.9,19.9,19.8,19.8,19.8
Antigua and Barbuda,,,,,,,,,,,,,,,,,,,,,,,,,,,,,,,,,,,,,,,,,22.1,22,22,22.2,22.4,22.6,22.9,22.8,22.5,22.5,23.2,23.1,23.1,22.9,22.8,22.6,22.3,22,21.7,21.5,21.7,21.9,22.1,21.9,22.6,22.5,22.5
Argentina,,,,,,,,,,,,,,,,,17.6,20.4,22,21.3,20.4,,,,,,,21.7,22.2,22.5,22.2,23,23.3,23.5,24,24.3,24.6,25.4,26.3,25.7,26.7,26.9,27,27.2,27.3,27.7,27.9,28,27.9,27.8,27.7,27.7,27.7,27.8,27.4,27,26.7,26.5,25.9,25.6,25.4,25,24.8,24.6,24.2,24,23.8
Armenia,,,,,,,,,,,,,,,,,,,,,,,,,,,,,,,,11.2,11.4,,,13.5,13.9,15.5,15.8,19,22.6,22.2,24.6,25,24.8,26.5,28.7,29.1,30.5,30.4,29.3,29.4,28.6,28.9,28.6,29.3,29.6,29.2,30.2,29.9,29.5,27.9,26.7,24.1,22.8,23.4,22.6
Australia,20.1,19.4,21,21,20.5,20.4,19.7,19.1,19,19.9,18.8,19.9,18.1,19.6,19.8,18.4,19,19.4,19.2,19.3,19.6,20.8,20.1,20.8,20.8,20.8,21.8,22.2,20.9,20.9,21.4,22.3,23.1,23.6,24.5,24.7,24,25,25.2,25.8,25.3,25.1,24.9,24.9,25,24.6,24.2,23.7,23,22.3,21.8,21.5,21.2,20.7,20.2,19.7,19.4,19.1,18.8,18.6,18.3,18,17.8,17.5,17.5,17.6,17.6
Austria,,,,,,15.4,15,14.9,15.4,16.1,15.8,16.1,15.4,16.4,16.7,18,18,17.6,17,18.7,18.4,18.8,19.2,20,19.9,19.6,20.7,21.5,19.4,20.6,21.9,21.7,21.7,22.8,23.6,24.4,24.5,24.6,24.7,24.4,25.1,25.1,25.2,25.2,25.1,25,24.9,24.6,24.1,23.7,23.4,23.1,22.8,22.7,22.2,21.9,21.6,21.1,20.8,20.7,20.2,19.9,19.8,19.5,19.2,19,18.8
Azerbaijan,,,,,,,,,,,,,,,,,,,,,,,,,,,,,,,,9.23,10.3,,,11.6,11.4,13,13.9,12.9,12.6,12.9,13.6,13.9,14.3,14.1,14.1,14.1,14.4,14.4,14.3,14.2,14.2,14.7,14.7,14.6,14.3,14,14.1,14,13.9,13.3,13.4,12.4,12.2,12,11.8
Bahamas,,,,,,,,,,,,,,,,,,,,,,,,,,,,,,,,,,,,,,,,,32.2,32,32.2,32.5,32.2,32.8,32.3,33.6,34.2,32.9,33.4,34.6,35.2,34.7,33.5,33.7,33.2,33,33.4,33.3,35.2,35.7,36.8,37,37,36.8,37.3
Bahrain,,,,,,,,,,,,,,,,,,,,,,,,,,,,,,,,,,,,,,,,,24.1,25.5,25.6,25.4,25.3,25.6,25.1,24.5,23.9,24.1,24.2,24.7,25,25.3,25.1,24.4,24,23,22.8,22.6,22.6,22.3,22.2,21.8,21.9,21.8,21.7
Bangladesh,,,,,,,,,,,,,,,,,,,,,,,,,,,,,,,,,,,,,,,,,10.2,9.97,10.2,10.3,10.3,10.9,10.8,10.6,10.2,10.1,10.4,9.96,9.76,9.56,9.32,9.23,9.03,8.95,8.87,8.66,8.67,8.45,8.39,8.37,8.36,8.54,8.4
Barbados,,,,,,,,,,,22.6,18.9,13.1,13,20.4,,13.8,19.8,21.9,16,8.94,20,12.6,22.1,19,19.9,21.5,22.9,21.7,25.1,30,23.9,19.8,25.2,27.2,23.9,30.1,33.6,33.8,32.8,28.1,28.4,28.4,29.3,29,29.4,29.5,29.7,30,30.1,30.2,30,29.8,29.8,29.9,29.7,29.2,29.2,28.8,29.3,29.7,30.3,30.2,29.6,30.3,30.8,31.1
Belarus,,,,,,,,,,,,,,,,,,,,,,,,,,,,,,,,10.9,11,,,12.8,13.4,14.3,14.2,16.1,17.2,17.9,19.1,20.2,20.7,21.2,21.2,21.3,21.4,21.6,20.9,20.8,20.5,20.2,20.1,19.9,19.2,18.5,17.8,17.8,17.6,17.3,15.9,15.5,14.7,14.4,14.1
Belgium,,,,,,,,,,,,,,,,,,,,,,,,,,,,,,,,,,,,,,,,,34.7,34.5,34.2,34.1,34,33.6,32.9,31.8,32,31.2,30.6,30.4,30,29.3,28.3,27.9,27.4,27.4,27.1,26.8,26.3,26.1,25.7,25.2,24.4,24.4,24.1
Belize,,,,,,,,,,,,,,,5.78,,2.42,,3.33,9.1,3.97,,6.83,11.8,8.04,9.51,,5.02,10.2,6.8,4.2,,,7.79,5.38,,11.5,7.13,,,9.88,10.4,11,11.5,11.7,11.7,11.8,12.7,13.4,13.6,14.1,14.6,14.6,14.6,14.6,14.7,14.6,14.8,14.8,14.7,14.5,14.5,14.9,15,15,15,14.9
Benin,,,,,,,,,,,,,,,,,,,,,,,,,,,,,,,,,,,,,,,,,13.4,13.4,13.5,13.5,13.7,14,14.3,14.2,14.3,14.3,14.5,14.6,14.6,14.6,14.7,14.7,14.8,14.9,15.1,15.5,15.8,16,16.2,16.3,16.3,16.3,16.4
Bhutan,,,,,,,,,,,,,,,,,,,,,,,,,,,,,,,,,,,,,,,,,15.1,15,14.8,14.6,14.5,14.2,13.7,13.6,13.2,12.4,12.1,11.7,11.3,11,10.9,10.9,10.7,10.6,10.4,10.4,10.4,10.3,10.4,10.4,10.4,10.4,10.3
Bolivia,,,,,,,,,,,,,,,,,,,,,,,,,,,,,,,,,,,,,,,,,16.4,16.5,16.7,16.8,16.7,16.5,16.2,16,15.6,15.2,14.8,14.5,14.6,14.3,14.3,14.4,14.4,14.6,14.7,14.8,14.8,14.8,14.9,14.9,14.9,15,15
Bosnia and Herzegovina,,,,,,,,,,,,,,,,,,,,,,,,,,,,,,,,,,,,,,,,,14.6,14.8,14.9,15,15.2,15.2,14.9,14.8,14.8,14.8,15,15.6,16.4,17.3,17.9,18.5,18.8,19,19,19,19,18.9,18.9,19.1,19.5,19.2,18.8
Botswana,,,,,,,,,,,,,,,,,,,,,,,,,,,,,,,,,,,,,,,,,16.2,16.1,16,15.9,16,16.4,17,17.9,19.1,20.2,21.5,22.2,22.7,22.6,22,20.6,19.6,18.8,18.2,17.4,16.9,16.7,17.1,17.1,17.3,17.6,17.9
Brazil,,,,,,,,,,,,,,,,,,,,,,,,,,,,,,9.25,10.1,10.7,11.3,11.9,12.5,13.3,14,15,15.3,16.2,16.9,16.9,17.3,17.6,17.9,18.1,18.3,18.4,18.5,18.6,18.6,18.4,18.3,18.2,18.1,17.9,17.8,17.6,17.3,17.1,16.9,16.6,16.3,16.1,15.9,15.8,15.5
Brunei,,,,,,,,,,,,,,,,,,,,,,,,,,,,,,,,,,,,,,,,,16.3,16.6,16.7,16.5,16.2,15.9,15.5,15,14.5,14.6,14.6,14.4,14.5,14.5,15,15.2,15.6,15.8,15.9,16,16.2,16.4,16.6,16.9,16.8,16.6,16.5
Bulgaria,,,,,,,,,,,,,,,9.58,8.36,8.77,8.89,10.4,10.2,9.71,11.1,11.3,12.2,12.3,13.4,14.2,13,14.7,15,13.9,15.6,16.4,16,17.6,18.6,18.1,17.3,19.4,19.1,18.9,19.2,19.3,19,19.5,20,20.4,20.9,20,20,20.1,19.7,19.8,19.7,20,20.5,20.7,20.5,20.3,20,19.8,19.7,19.4,19.1,18.8,18.8,18.7
Burkina Faso,,,,,,,,,,,,,,,,,,,,,,,,,,,,,,,,,,,,,,,,,13.9,13.8,14,14,14,14.1,14,14.1,14.2,13.9,13.7,13.3,13.2,13.2,13.3,13.3,13.4,13.4,13.3,13.4,13.8,14.1,14.5,14.9,15.1,15.3,15.3
Burundi,,,,,,,,,,,,,,,,,,,,,,,,,,,,,,,,,,,,,,,,,21.7,21.6,21.6,21.5,21.4,21.4,21.5,21,20.6,19.9,19.4,18.4,17.8,17.4,17.2,17,16.7,16.3,16.1,16.1,16.2,16.4,16.4,16.5,16.6,16.6,16.6
Cambodia,,,,,,,,,,,,,,,,,,,,,,,,,,,,,,,,,,,,,,,,,20.1,20.1,20.1,20.5,20.9,21.1,21.2,21.3,21.4,21.7,22,22.1,22.2,22.2,22.2,22,21.7,21.4,21.2,21.1,21.1,21,20.9,20.8,20.7,20.6,20.5
Cameroon,,,,,,,,,,,,,,,,,,,,,,,,,,,,,,,,,,,,,,,,,17.4,17.5,17.6,17.8,18.1,18.3,18.5,19.1,19.5,19.7,20.1,19.9,19.9,19.9,19.9,20,19.8,19.8,19.6,19.5,19.6,19.7,19.8,19.9,19.9,20,20
Canada,22.4,22.2,22.6,23.4,22.8,22.2,22.4,23.2,22.7,22.9,23.5,23.4,23.6,24.3,23.6,24.1,22.8,24.7,23.4,23.8,23.3,23.7,24.7,24.5,24.8,24.8,24.6,25.5,24.9,25.4,25.6,26,26.2,26.8,27.3,28.3,28.6,28.6,28.6,28.9,29.1,29,28.9,28.9,28.6,28.2,27.9,27.4,26.8,26.1,25.4,24.9,24.5,24.1,23.4,22.8,22.1,21.8,21.3,20.9,20.5,20.1,20,20,19.9,20,19.8
Cape Verde,,,,,,,,,,,,,,,,,,,,,,,,,,,,,,,,,,,,,,,,,11.4,11.5,11.5,11.5,11.6,11.7,11.7,11.7,11.6,11.3,11.2,11.1,11,10.9,10.9,10.9,10.9,10.9,11,11.1,11.2,11.3,10.9,11.1,11.1,11.2,11.3
Central African Republic,,,,,,,,,,,,,,,,,,,,,,,,,,,,,,,,,,,,,,,,,20.5,20.4,19.9,21.1,21.1,21,21.3,21.1,21.3,21.5,21.3,21.3,21.5,21.6,21.6,21.6,21.7,21.6,21.4,21.4,21.8,21.8,21.7,21.8,21.8,21.9,21.9
Chad,,,,,,,,,,,,,,,,,,,,,,,,,,,,,,,,,,,,,,,,,13.2,12.9,13.1,13.3,13.2,13.1,13.3,13.3,13.6,13.7,13.5,13.4,13.5,13.7,13.7,13.4,13.3,13.4,13.7,13.8,14.1,14.1,14,13.9,13.9,14,14
Chile,,,,,,7.02,7.93,8.69,8.89,8.82,8.98,8.77,8.6,8.91,7.62,9.21,11.3,8.86,11.9,10.4,11.2,11.8,11.5,12.9,11.3,12.1,13.1,12,12.9,12.8,13.5,13.6,14.5,14.6,14.5,15.2,14.3,15.5,15.5,15,16.1,15.6,15.1,15.2,15.5,15.8,15.7,15.4,15.4,15.2,15.1,14.9,14.8,14.7,14.6,14.5,14.2,13.8,13.5,13.7,13.7,13.6,13.5,13.3,13,12.7,12.6
China,,,,,,,,,,,,,,,,,,,,,,,,,,,,,,,,,,,,,,,,,9.15,9.18,9.26,9.31,9.35,9.37,9.33,9.33,9.34,9.46,9.6,9.77,9.83,9.65,9.45,9.34,9.23,9.15,9.04,8.93,8.81,8.71,8.64,8.55,8.54,8.37,8.15
Colombia,,,,2.78,2.98,3.1,2.68,3.42,3.84,3.9,3.82,4.38,4.45,5.54,5.77,6.6,6.53,7.53,8.02,7.62,,,8.77,,9.55,9.96,9.8,10.6,,,,,,,12.9,13.5,13.8,13.8,14.5,15.4,15.8,16,16.1,16.1,16.1,15.9,15.7,15.3,15.1,15.1,15,15.1,14.8,14.8,14.5,14.3,14.3,13.9,13.6,13.7,13.9,13.4,13.3,13.1,13,12.9,12.8
Comoros,,,,,,,,,,,,,,,,,,,,,,,,,,,,,,,,,,,,,,,,,19.4,19.5,19.7,19.8,20,20.2,20.2,20.2,19.9,19.5,19.1,18.7,18.2,18,17.5,17.3,17.3,17.1,17.5,17.4,17.7,18.1,18.4,18.7,18.9,19.1,19.1
"Congo, Dem. Rep.",,,,,,,,,,,,,,,,,,,,,,,,,,,,,,,,,,,,,,,,,15.8,15.9,15.9,15.6,15.7,15.9,16.9,15.6,15.7,15.5,15.5,16.1,16,16.3,16.1,15.8,16,16.2,16.3,16.2,16.1,16.2,16.4,16.3,16.2,16.2,16.2
"Congo, Rep.",,,,,,,,,,,,,,,,,,,,,,,,,,,,,,,,,,,,,,,,,27.1,26.3,25.6,26,27.7,28.5,29.6,29.8,29,29.1,28.5,27.3,26.5,27,27.4,27.9,27.9,27.9,27.9,27.3,27.2,26.9,26.7,26.7,26.7,26.8,26.7
Costa Rica,,,,,,,,,,,,5.72,6.03,7.03,6.32,5.92,6.58,6.09,7.97,6.97,5.51,6.84,7.71,7.09,6.76,9.41,9.79,10,10.2,8.03,11.3,11.2,11.7,12.2,14.8,15.5,13.5,15.7,16.6,15.1,16,15.7,15.9,16,16.2,16.1,16.1,15.8,15.7,15.6,15.4,15.5,15.6,15.5,15.3,15.2,15.3,15.1,15.1,15.1,15.1,14.9,15,15.3,15.2,15,14.8
Cote d'Ivoire,,,,,,,,,,,,,,,,,,,,,,,,,,,,,,,,,,,,,,,,,21.5,21.7,21.9,23,23.5,24.5,24.9,25.1,25.4,25.8,26,26.3,25.9,25.9,25.3,25.4,25.5,25.2,25,24.8,24.9,25.3,25.6,25.7,25.7,25.6,25.6
Croatia,,,,,,,,,,,,,,,,,,,,,,,,,,,,,,,,,,,,17.8,18.6,20.9,21.7,22.5,24,24.4,24.7,24.9,25,24.8,25,25.5,25.8,26,25.7,25.5,25,24.8,24.7,24.6,24.4,24.2,23.9,23.7,23.8,23.5,23.5,23.4,23.3,23,22.9
Cuba,,,,,,,,,,,,,,,11.4,,,,12.8,11.9,12.3,13.4,14.4,13.1,13.9,16.4,17.4,16.5,15.6,15.6,17.1,17.1,16.6,16.7,18.8,17.4,18,19.1,18.8,18.1,18.9,19.5,19.7,19.8,19.9,19.6,19.6,19.3,19,19.1,18.9,19,19.1,19.1,19.3,19.4,19.5,19.4,19.1,19,18.9,18.7,18.7,18.4,18.3,18.1,18
Cyprus,,,,,,,,,,,,,,,,,,,,,,,,,,,,,,,,,,,,,,,,,25.4,24.9,24.6,23.9,24.7,24.5,23.4,23.4,23.1,23.3,23.5,22.9,23.4,23.8,23.9,24.2,23.6,23,23.3,22.6,22.4,21.9,21,20.8,21.7,21.8,21.7
Czech Republic,,,,,,,,,,,,,,,,,,,,,,,,,,,,,,,,,,,,,22,22.6,22.2,22.2,23.4,23.7,23.8,24.1,24.6,24.5,24.3,23.9,23.8,23.8,23.7,23.6,23.7,23.6,23.3,22.8,22.1,21.4,20.6,20.2,19.9,19.2,18.6,18.1,17.3,16.8,16.6
Denmark,,24.5,24.4,24.9,25,24.1,23.8,24.5,23.9,24.5,23.9,24.9,24.6,25.3,23.9,24.3,25.8,24.3,24.1,25.2,26.6,26.3,28.8,27.1,28.3,28.3,31.9,30,29.6,30.2,32.4,31.8,31.6,33.6,35.2,36.3,37.5,37.7,38.9,39.1,38.4,38.5,38.9,38.8,38.4,38.4,38,37.4,36.5,36.1,35.1,34.7,34.5,33.4,32.8,32.2,31.6,31.1,30.5,30.2,29.5,28.5,27.6,26.7,25.9,25.6,25.2
Djibouti,,,,,,,,,,,,,,,,,,,,,,,,,,,,,,,,,,,,,,,,,11.8,12,12.2,12.3,12.6,12.8,13,13.2,13.3,13.3,13.2,13.2,13.2,13.4,13.6,13.7,13.9,14.2,14.4,14.5,14.6,14.7,14.9,15,15.1,15.2,15.2
Dominica,,,,,,,,,,,,,,,,,,,,,,,,,,,,,,,,,,,,,,,,,27,27.6,27.7,28,28.1,28.4,28.4,28.6,27.9,27.3,26.5,26.4,26.4,26.5,25.8,25.7,25.9,26,26,26.4,26.9,27.4,27.8,28.1,28.1,27.8,27.3
Dominican Republic,,,,,,,,,,,,,,,,1.12,2.2,4.04,2.45,4.14,1.66,2.63,4.39,3.72,4.08,4.68,4.99,4.96,5.46,6.57,7.63,7.3,8.25,9.71,9.16,8.78,9.48,10.2,9.69,10.6,11,11.2,11.4,11.8,12.1,12.3,12.5,12.5,12.3,12.2,12,11.8,11.7,11.7,11.6,11.9,12,11.9,12.1,12.2,12.2,12.3,12.3,12.4,12.5,12.6,12.7
Ecuador,,,,,,,,,,,,2.45,,2.03,2.93,,,,2.96,3.2,3.26,3.43,3.42,3.75,4.75,4.37,,4.38,6.51,5.89,6.25,6.36,7.01,7.45,7.33,7.66,8.52,8.75,8.96,9.14,9.62,9.65,9.66,9.78,9.94,10.2,10.5,10.4,10.5,10.4,10.4,10.4,10.3,10.4,10.2,10.1,10.2,10.1,10.1,10.2,10.2,10,10.1,9.97,9.8,9.57,9.4
Egypt,,,,,,,,,,,,,,,,,,,,,,,,,,,,,,,,,,,,,,,,,8.73,8.85,8.85,9.14,9.32,9.29,9.63,9.9,9.95,9.98,9.87,10.3,10.4,10.6,10.6,10.6,10.7,10.5,10.6,10.6,10.6,10.1,10.2,9.73,9.71,9.61,9.49
El Salvador,0.75,1.51,1.24,0.92,1.23,1.66,1.71,1.33,1.02,1.98,1.42,1.39,2.16,2.44,3.3,2.96,3.56,3.9,5.54,4.79,5.67,5.85,6.14,6.07,6.39,,,,,,,7.29,7.41,8.7,7.76,,,,,,9.55,9.72,10,10.1,10.3,10.1,10.3,10.3,10.2,10.2,10,10.1,10.3,10.5,10.6,10.7,10.8,10.8,10.8,10.8,10.8,10.8,10.9,11.1,11.1,11,10.9
Equatorial Guinea,,,,,,,,,,,,,,,,,,,,,,,,,,,,,,,,,,,,,,,,,23.4,23.6,23.4,23.8,24,24.1,25,24.1,23.8,23.6,23.2,22.5,21.6,21.5,21,21,21.5,21.4,21.2,21.2,20.6,19.9,19.3,18.9,18.9,18.9,18.9
Eritrea,,,,,,,,,,,,,,,,,,,,,,,,,,,,,,,,,,,,,,,,,21.5,21.4,20.9,20.5,20.6,20.6,20.5,20.5,20.5,20.4,20.5,20.6,20.7,20.7,20.7,20.8,20.8,20.9,21,21,21.2,21.3,21.4,21.6,21.8,22.1,22.1
Estonia,,,,,,,,,,,,,,,,,,,,,,,,,,,,,,,,15.2,15.4,,,15.5,15.1,16.4,15.6,18.8,18.8,20.4,19.8,21.8,23.8,22.8,21.4,21.4,22.7,21.9,22.6,23.2,22.1,21.6,20.5,20.6,20.3,19.8,19.2,18.5,17,17.6,17.4,17.3,16.8,16.4,16.1
Ethiopia,,,,,,,,,,,,,,,,,,,,,,,,,,,,,,,,,,,,,,,,,18.3,18.2,18.2,18.3,18.6,18.8,18.6,18.6,18.4,18.4,18.3,17.9,17.5,17.2,17.1,17.1,17,16.8,16.5,16.3,16.5,16.5,16.5,16.4,16.6,16.7,16.7
Fiji,,,,,,,,,,,,,,,,,,,,,,,,,,,,,,,,,,,,,,,,,31,31.4,31.6,31.6,31.5,31.5,31.8,32,31.4,32,31.5,30.9,30.6,31.2,31.4,31.7,32,32.8,33.1,33.5,33.8,34.2,34.8,35.1,35.4,35.6,35.8
Finland,,,10.7,11,11.1,13,12.5,14.3,13.8,13.2,13.7,14,13.4,12.4,14.4,13.6,15.4,15.1,14,14.9,14.1,15.2,15.7,15.7,17,16.7,15.6,17.6,16.4,17.6,18,17,17.9,19.6,18.9,19.5,20.2,20.1,22.1,20.8,21.6,21.8,21.9,22,21.8,21.9,22,21.9,21.8,21.8,21.6,21.3,20.8,20.7,20.6,20.3,20.1,19.7,19.5,19.4,19.4,19.1,18.8,18.3,17.4,16.9,16.3
France,12.9,,13.7,14,14.3,14.4,15.5,15.4,15.7,16,15.9,15.1,15.9,16.3,16.6,16.9,17.5,17.5,17.5,17.3,17.4,18.1,19.2,19.5,20.3,21.1,21.3,21.3,21.3,22.4,22.6,24,24.5,25,25,25.3,26.3,26.5,27.3,27.6,28,28.3,28.5,28.6,28.5,28.5,28.3,27.9,27.6,27.4,27,26.7,26.4,26.1,25.4,24.8,24.4,24,23.7,23.2,22.8,22.4,22.1,21.8,21.4,21.2,20.9
Gabon,,,,,,,,,,,,,,,,,,,,,,,,,,,,,,,,,,,,,,,,,22.4,22.5,22.4,22.7,23.8,24.3,25.7,26.2,26.9,28,28.6,29.8,29.3,30.2,30.6,29.6,29.8,28.7,28.9,28.4,27,27.1,26.5,25.8,25.5,25.3,25.1
Gambia,,,,,,,,,,,,,,,,,,,,,,,,,,,,,,,,,,,,,,,,,9.95,10.1,10.2,10.4,10.6,10.9,11.3,11.7,11.7,11.6,11.3,11.2,11.4,10.8,10.8,10.7,10.8,11,10.9,11.1,11.1,11,11.2,11.3,11.4,11.5,11.5
Georgia,,,,,,,,,,,,,,,,,,,,,,,,,,,,,,,,,,,,,,,,,22.5,22.5,23,22.5,21.6,20.1,19.3,19.3,19.5,19.4,19.1,18.9,19.5,20.1,20.2,17.8,16.3,15.9,17.2,18.6,19,19.4,20.1,19.6,20,19.2,18.6
Germany,,,,,,,,,,,,,,,,,,,,,,,,19.2,20,20.4,21.3,21.1,21.6,,22.6,23.4,24.1,24.7,24.8,25.7,26.5,27.1,27.5,27.8,28.1,28.1,28.1,28.1,28.2,28.1,28,27.4,26.7,26.2,25.8,25.4,25.2,24.9,24.5,24.4,24.1,23.8,23.8,23.6,23.2,22.9,22.5,22.2,21.6,21.3,21
Ghana,,,,,,,,,,,,,,,,,,,,,,,,,,,,,,,,,,,,,,,,,12.4,12.8,13.1,13,13.2,13.7,14,14.4,14.2,14.1,14.1,14.3,14.3,14.1,13.9,13.8,13.8,13.9,13.9,14,14.1,14.1,14.1,14.1,14.2,14.2,14.1
Greece,,,,,,,,,,,,4.83,6.75,7.3,7.98,8.21,7.16,9.22,9.34,9.82,9.81,10.1,12.9,12.7,12.3,13.3,15,15.5,16.2,17.2,18.4,18.4,19.8,19.2,20.3,20.4,20.6,21.8,21.6,22.1,22.2,22.3,22.5,22.4,22.4,22.2,22.1,21.9,21.9,22,22,22.1,22.2,22.1,22.2,21.9,21.6,21.2,20.9,20.6,20.6,20.4,20.5,20.2,20,19.7,19.6
Grenada,,,,,,,,,,,,,,,,,,,,,,,,,,,,,,,,,,,,,,,,,22,22.1,22.1,22.6,22.9,23.4,23.6,24,24.4,24.7,25.3,25.9,26.4,26.9,27.1,27.3,27.6,28.1,28.4,28.6,29.3,29.5,30.3,30.3,30.7,31.1,30.3
Guatemala,,,,,,,,,,,,,,1.91,2.3,2.04,2.21,3.1,2.36,2.82,3.49,3.65,,,4.19,4.16,4.16,4.16,5.03,5.21,5.23,6.14,,,6.07,,6.35,6.97,8.03,7.09,8.02,8.32,8.45,8.48,8.61,8.52,8.37,8.49,8.82,8.84,8.94,8.88,8.93,8.9,8.89,8.78,8.74,8.67,8.74,8.87,9.05,9.06,9.11,9.09,8.96,9,8.93
Guinea,,,,,,,,,,,,,,,,,,,,,,,,,,,,,,,,,,,,,,,,,14.2,14.3,14.4,14.4,14.7,14.7,14.5,14.4,14.5,14.5,14.3,14.4,14.5,14.3,14.2,14,14.3,14.3,14.3,14.5,14.6,14.8,14.9,15.1,15.2,15.3,15.4
Guinea-Bissau,,,,,,,,,,,,,,,,,,,,,,,,,,,,,,,,,,,,,,,,,20.4,20.5,20.6,20.8,20.9,21.1,21.1,21.2,21.4,21.5,21.4,21,21.2,21.1,21.4,21,21.4,21.7,21.7,22,21.9,21.7,21.9,22.1,22.1,22.2,22.2
Guyana,,,,,,,,,,,,,,,,,,,,,,,,,,,,,,,,,,,,,,,,,17.3,17.3,16.9,17.2,17,17.3,18.1,19.4,19.5,19.7,21.1,20,20.2,20.8,21.3,21.5,21.3,22,22.2,22.4,22.6,22.2,22.1,22.1,21.9,21.8,20.3
Haiti,,,,,,,,,,,,,,,,,,,,,,,,,,,,,,,,,,,,,,,,,30,30.1,29.9,30.3,30.8,30.5,30.2,29.9,29.8,30.1,30,30.1,29.8,29.9,30,30.1,30.3,30.3,30.4,30.6,30.8,31.1,31.3,31.4,31.4,31.5,31.5
Honduras,,,,,,,,,,,,,,,,,,,,,,,,,,,,,,,,,,,,,,,,,10.9,10.9,11,10.9,10.9,11,11.1,11.1,11.1,11.2,11.2,11.2,11.3,11.3,11.3,11.3,11.3,11.2,11.2,11.1,11.1,11.1,11,11,10.9,10.9,10.9
Hungary,,,,,,12.2,12.1,12.1,12.1,11.9,12.2,13.1,13.6,14.7,13.5,13.6,14.1,15.3,15.1,16.2,16,17.9,18.4,18.5,19.3,20.8,21.5,21.8,22,23,23.3,24.3,24.6,24.2,24.3,26.5,26.7,27.9,27.2,28.5,28.3,29,29.6,29.9,30.1,29.7,29.9,29.6,29.3,29,28.4,27.8,27.2,26.8,26.2,25.4,24.9,24.3,23.9,23.6,23.1,22.7,22.3,22.1,22.1,22.3,22.4
Iceland,,42.9,19.3,14.1,10.8,18.8,13.3,8.71,20.9,14.9,23.6,25.4,28.5,18.7,25.9,24.1,24.9,11.3,30.4,17.7,14.8,23.6,23.1,14.3,17.1,19.3,12.5,18,21.2,16.4,10.1,9.02,18.2,15.3,19.6,17.9,7.52,19.6,16.1,15.1,21.8,21.9,22,22.3,22.4,22.4,21.7,21.7,21.1,20.4,20.1,19.8,19.7,19.4,19.1,18.9,18.5,18.2,17.7,17.4,17.3,17.5,17.6,18,18.4,18.8,18.8
India,,,,,,,,,,,,,,,,,,,,,,,,,,,,,,,,,,,,,,,,,10.8,10.8,10.9,10.9,10.9,10.9,11,11.1,11.1,11.1,11.1,11,11,11,11,11.1,11.1,11.2,11.3,11.4,11.5,11.6,11.7,11.8,12,12.1,12.1
Indonesia,,,,,,,,,,,,,,,,,,,,,,,,,,,,,,,,,,,,,,,,,15.1,15,15,15.3,15.3,15.5,15.7,15.8,16.1,16.2,16.3,16.3,16.3,16.3,16.2,16.2,16.2,16,15.7,15.4,15.2,15.2,14.9,14.8,14.7,14.7,14.6
Iran,,,,,,,,,,,,,,,,,,,,,,,,,,,,,,,,,,,,,,,,,6.05,6.36,6.6,6.89,7.15,7.39,7.6,7.81,7.96,8.14,8.33,8.42,8.49,8.52,8.55,8.61,8.74,8.92,9.13,9.31,9.51,9.6,9.82,10,10.1,9.96,9.75
Iraq,,,,,,,,,,,,,,,,,,,,,,,,,,,,,,,,,,,,,,,,,26.6,27.2,27.8,28.3,28.7,29.4,30.2,30.6,30.2,30.1,30.6,30.3,30.9,31.4,31.1,30.5,29.8,29,28.5,27.6,27.4,27.5,26.9,26.6,26.4,26.4,26.3
Ireland,17.8,17.6,18.3,19.6,19.5,17.4,20.9,20.8,18.5,20.8,19.8,19.1,20.8,22.1,22.6,21.4,19.9,22.9,22.3,25.4,21.9,25.5,24.5,27.3,27.6,27.5,28.8,27,29.7,28.3,32.3,28.9,33.5,30.7,31.5,32.7,33.4,33.7,34.9,38,33.7,33.5,33.6,32.9,32.4,31.8,30.8,30.4,30.1,30.3,30.1,29.1,27.6,27.3,27.1,26.9,26.1,25.1,25.5,25,23.9,23.8,23.5,22.9,22.4,22.2,22.1
Israel,,,,,,,,,,,,,,,,,,,,,,,,,,24.5,28,26.3,26.4,28.4,28.2,27.4,28.1,34.2,32.5,31,33.1,33.7,35.4,34.6,36,36.6,37,36.8,36.6,36.8,36.3,35.1,34.2,33.7,32.9,32.2,31.5,30.6,29.7,29.2,28.3,27.5,26.6,25.6,24.7,24.3,23.2,23,22.9,23,23
Italy,,12.4,12.9,13.2,13.7,13.6,14.3,14.3,13.9,14.5,14.7,15.1,15.2,15.5,15.9,16.2,16.1,16.8,16.7,17.6,17.4,18.1,18.7,18.9,19.5,19.5,19.9,19.9,20.3,20.6,21,21.7,22.2,22.8,23.4,23.3,23.3,24.1,24.1,24.3,24.2,24.2,24,24.1,24.1,23.9,23.9,23.7,23.6,23.4,23.1,22.8,22.5,22.5,21.9,21.8,21.8,21.6,21.4,21.2,20.8,20.5,20.3,19.9,19.8,19.6,19.5
Jamaica,,,,,,,,,,,,,,,,,,,,,,,,,,,,,,,,,,,,,,,,,22.4,22.4,22.8,23.2,23.9,24.7,25.5,26.4,26.9,26.9,27.4,27.7,27.3,27.3,27.1,26.8,26.7,27.3,27.8,28.2,28.2,28.1,28.1,28.1,28.1,28.1,28.1
Japan,4.08,3.9,3.95,3.88,3.95,4,3.82,3.5,3.99,3.76,3.76,3.82,3.75,3.85,3.78,3.92,4.08,3.98,4.13,3.94,4.34,4.67,4.78,5.09,5.18,5.47,5.56,5.85,6.09,6.21,6.51,6.8,6.66,6.76,7.22,7.29,7.52,7.6,7.98,8.14,8.22,8.35,8.49,8.64,8.79,9.03,9.21,9.44,9.64,9.82,9.91,10,10.1,10.2,10.3,10.4,10.5,10.5,10.5,10.4,10.4,10.2,10.2,10.1,9.69,9.51,9.35
Jordan,,,,,,,,,,,,,,,,,,,,,,,,,,,,,,,,,,,,,,,,,20.5,20.6,20.2,20.9,21,21.4,22.1,22.3,22.4,22.8,23.1,23.3,23.5,24.1,24.9,25.4,25.1,24.1,23.2,22.4,21.8,21.4,21.3,21.3,21.3,21.5,21.4
Kazakhstan,,,,,,,,,,,,,,,,,,,,,,,,,,,,,,,,9.02,9.6,,,12.2,12,13.6,13.2,14.2,14.3,14.1,13.5,15.4,16.8,17.8,18.7,19.2,19.4,19.7,19.8,19.7,19.6,19.6,20,20.5,20.8,20.4,19.8,19.2,18.7,18.1,17.4,16.3,15.3,14.7,14.7
Kenya,,,,,,,,,,,,,,,,,,,,,,,,,,,,,,,,,,,,,,,,,9.13,9.39,9.78,10.1,10.4,10.6,10.6,11,11.2,10.8,10.9,10.2,9.74,9.23,8.82,8.46,8.17,8.12,8.12,8.1,8.14,8.25,8.29,8.34,8.41,8.46,8.6
Kiribati,,,,,,,,,,,,,,,,,,,,,,,,,,,,,,,,,,,,,,,,,19.2,19.4,19.4,19.8,19.8,20.2,20.4,20.5,20.7,21.1,21.2,21.4,21.5,21.6,21.9,22.1,22.4,22.8,23.2,23.6,24.1,24.4,24.6,24.8,25,25.1,25.1
Kuwait,,,,,,,,,,,,,,,,,,,,,,,5.91,,,10.4,14.1,6.38,5.48,13.4,14.7,13.4,13.6,13.9,13.4,13.2,18.3,10.5,,,,,,15,15.7,17.6,18.5,18.7,19.6,20,20,21.1,20.5,19.9,20.5,20.5,20.8,22.3,23.1,23,22.2,20.9,19.9,19,19.9,20.1,20.6
Kyrgyz Republic,,,,,,,,,,,,,,,,,,,,,,,,,,,,,,,,8.64,9.96,,,11.4,12.4,12.1,14.2,12.9,13.3,13.6,14.3,15,16.5,16.5,15.6,14.8,14.1,14,13.3,13.1,13.3,13.7,13.8,13.8,13.9,13.6,13.2,12.7,12.1,11.9,11.4,11.1,11,10.9,10.8
Lao,,,,,,,,,,,,,,,,,,,,,,,,,,,,,,,,,,,,,,,,,18.4,18.4,18.6,18.7,18.9,19,19.2,19.5,19.5,19.7,19.7,19.9,19.6,19.5,19.4,19.4,19.3,19.1,18.9,18.7,18.4,18,17.9,17.7,17.5,17.4,17.2
Latvia,,,,,,,,,,,,,,,,,,,,,,,,,,,,,,,13.2,15.4,12.9,15,15.5,16.2,17.8,19.1,17.1,17.7,19,19.1,20,22.6,24.6,23.9,21.2,20.8,22.1,21.6,20.9,22.4,21.9,22.4,22.2,22.3,24.1,23.1,21.9,21.6,21,20.6,19.1,19.9,18.7,18.1,17.7
Lebanon,,,,,,,,,,,,,,,,,,,,,,,,,,,,,,,,,,,,,,,,,28.9,28.6,28.9,29.2,28.5,28.6,27.6,26.8,25.9,26.2,27.7,28.5,29.1,29.9,30,29.8,29.6,29,27.9,26.7,25.7,25.3,24.9,24.6,24.6,24.5,24.4
Lesotho,,,,,,,,,,,,,,,,,,,,,,,,,,,,,,,,,,,,,,,,,14.9,14.8,14.9,15.1,15.3,15.2,14.9,14.7,15.8,16.5,18.8,18.6,19.1,20.5,20.5,20.7,20.4,20.6,21.8,21.8,22.5,22.1,22.4,22.8,22.7,22.5,21.9
Liberia,,,,,,,,,,,,,,,,,,,,,,,,,,,,,,,,,,,,,,,,,14.3,14.6,14.8,14.8,15.2,15.2,15.6,15.5,15.4,15.1,15.4,15.4,15.9,15.8,16.2,16.4,16.7,17.2,17.5,17.8,18,18.3,18.5,18.7,18.9,19.1,19.1
Libya,,,,,,,,,,,,,,,,,,,,,,,,,,,,,,,,,,,,,,,,,11.1,11.1,11.2,11.3,11.4,11.5,11.5,11.7,11.9,12,12.2,12.3,12.4,12.4,12.4,12.3,12.2,12.4,12.4,12.3,12.3,12.6,12.7,12.8,13,13.2,13.3
Lithuania,,,,,,,,,,,,,,,,,,,,,,,,,,,,,,,,13.5,15.5,,,16.6,17.1,18.1,17,18.7,18.1,19.1,19,21.4,22.5,22.4,21.7,20.6,20.8,20.3,20.3,21.4,20.6,21.2,20.5,21.8,22.2,22.8,22.9,20.2,20,20,19.4,19.1,17.6,17.8,17.4
Luxembourg,,,,,,,,,,,,,,,,,,22,17.9,24.7,20.9,23.1,22.1,21.2,21.4,25.7,21.8,28.1,20.9,24.1,25.7,30.2,31.1,24.7,30.9,34.1,27.7,29,34.2,28.9,33,32.1,30.9,30.9,30.1,29.4,27.8,27.7,26.6,26.1,25.5,25.3,25,25.2,23.9,23.1,22.7,22.1,21.8,21.9,22.1,22.1,21.9,21.7,21.9,21.9,21.7
"Macedonia, FYR",,,,,,,,,,,,,,,,,,,,,,,,,,,,,,,,,,,,,,,,,23.1,23.1,23.1,23.1,23.4,23.8,24.1,24.4,24.6,24.7,24.9,25,25.2,25.2,25.1,24.9,25.1,25.1,25.1,24.9,24.9,24.8,24.7,24.5,24.2,23.9,23.6
Madagascar,,,,,,,,,,,,,,,,,,,,,,,,,,,,,,,,,,,,,,,,,15.4,15.4,15.5,15.7,15.4,15.3,15.3,15.4,15.4,15,15,14.8,14.9,14.9,14.9,14.6,14.5,14.4,14.6,14.7,14.9,14.9,15,15.1,15.2,15.2,15.2
Malawi,,,,,,,,,,,,,,,,,,,,,,,,,,,,,,,,,,,,,,,,,11.7,11.8,12.1,12.3,12.9,13.1,13.2,13.4,14,14.4,14.5,14.4,14.4,14.6,14.7,14.4,13.9,13.5,13.5,13.5,13.6,13.6,13.5,13.7,13.8,13.9,14
Malaysia,,,,,,,,,,,,,,,,,,,,,,,,,,,,,,,,,,,,,,,,,17.7,17.6,17.5,17.4,17.4,17.2,17.1,17.1,17.1,17.2,17.4,17.9,18.5,19,19.1,19.4,19.3,19.2,19.1,19,18.7,18.5,18.3,18,17.8,17.5,17.3
Maldives,,,,,,,,,,,,,,,,,,,,,,,,,,,,,,,,,,,,,,,,,19.8,19.5,19.1,18.6,18.2,18,17.9,17.5,17.4,16.9,16.6,16.1,15.6,14.8,13.9,13.3,12.7,11.9,11.4,11.2,11.1,10.7,10.6,10.6,10.6,10.5,10.5
Mali,,,,,,,,,,,,,,,,,,,,,,,,,,,,,,,,,,,,,,,,,16.2,16.4,16.9,17.3,18.3,20,19.8,19.8,19.6,19.2,19.2,19,18.8,18.3,18.1,17.7,17.6,17.4,17.2,17,17.1,17.1,17,17.1,17.2,17.3,17.4
Malta,,,,,,,,,,,,,,,,25.4,,24.6,20.8,26.4,25.8,26.7,26.7,22.3,30.4,26.4,28.9,29.5,33.8,35.8,40,33.6,36.1,34.5,36.7,39.9,34.7,34.4,40.6,39.1,37.2,36.9,36.4,36,34.2,32.4,31.1,30.5,30.6,30.7,31.3,30.3,29.1,28.4,27.8,27.2,26.5,25.6,24.7,24.6,24.1,24,23.5,22.4,21.3,20.8,20.5
Marshall Islands,,,,,,,,,,,,,,,,,,,,,,,,,,,,,,,,,,,,,,,,,16.9,17.2,17.3,17.5,17.6,17.8,17.9,18.1,18.3,18.7,19.1,19.6,20,20.4,20.8,21.2,21.4,21.4,21.3,21.3,21.2,21.1,21,20.9,20.7,20.6,20.2
Mauritania,,,,,,,,,,,,,,,,,,,,,,,,,,,,,,,,,,,,,,,,,18,18,18.1,18.1,18.4,18.5,18.8,18.6,18.6,18.5,18.4,18.5,18.3,18.1,18.2,18.1,18,18,18.1,18.2,18.3,18.4,18.6,18.8,19,19.2,19.3
Mauritius,,,,,,,,,,,,2.19,4.09,4.12,4.97,6.76,4.48,6.42,5.99,6.57,8.78,5.19,8.68,6.21,8.05,9.78,5.76,10.4,7.58,8.2,7.45,9.54,9.19,8.12,9.1,9.9,11.3,11.4,10.7,10.5,12.2,12,12.7,13.4,13.7,13.6,13.4,13.7,14.5,15.6,16.7,17.7,18.6,19.3,19.3,19.1,19.1,18.9,19.3,19.5,19.3,19.5,19.5,19.8,19.6,18.9,18.5
Mexico,,,,,,2.58,2.61,3.21,3.68,3.37,3.49,3.68,3.86,4.05,4.16,3.81,3.72,4.02,3.91,3.97,4.54,5.06,5.04,5.29,6,5.91,6.07,6.87,6.8,7.18,7.63,8.08,7.89,8.51,8.69,9.45,9.87,10.6,10.8,11.3,11.3,11.3,11.6,11.8,11.9,12.1,12.1,12.2,12.2,12.1,11.8,11.9,12.1,12.3,12.2,12.4,12.3,12.2,12.5,12.7,12.4,12.2,12.3,12.6,12.7,12.5,12.3
"Micronesia, Fed. Sts.",,,,,,,,,,,,,,,,,,,,,,,,,,,,,,,,,,,,,,,,,23.8,24.3,24.6,24.9,25.3,25.7,26.1,26.5,26.9,27.5,28,28.7,29.6,30.2,30.8,32.1,32.4,32.3,32.2,32.8,33.4,33,33,33,34,34.2,33.1
Moldova,,,,,,,,,,,,,,,,,,,,,,,,,,,,,,,,12.1,12.8,,,15,15.9,16.5,16.8,20,19.7,21.2,19.6,20.9,23.3,23.9,22.8,19.3,18,18.9,19.4,19.5,19.8,20.1,19.3,20.7,20.9,20.6,20.4,20.2,20.5,17.9,18.1,17.2,18,18.4,18
Mongolia,,,,,,,,,,,,,,,,,,,,,,,,,,,,,,,,,,,,,,,,,7.11,7.46,7.86,8.26,8.67,9.27,9.82,10.2,10.4,10.4,10.3,10.3,10.3,10.3,10.2,10,9.78,9.47,9.2,9.09,9.01,8.77,8.51,8.27,7.99,7.87,7.81
Montenegro,,,,,,,,,,,,,,,,,,,,,,,,,,,,,,,,,,,,,,,,,22,22.1,22.2,22.6,23,23.3,23.6,23.8,23.8,23.8,23.5,23.3,23.1,22.7,22.7,22.6,22.5,21.9,21.5,21.4,21.5,21.6,21.6,21.5,21.3,21.1,20.9
Morocco,,,,,,,,,,,,,,,,,,,,,,,,,,,,,,,,,,,,,,,,,16.5,16.8,17.2,17.6,17.9,18.1,18.2,18.5,18.4,18.6,18.7,18.8,19.2,19.3,19.4,19.5,19.5,19.5,19.5,19.4,19.4,19.3,19.2,19.1,19.1,19,18.9
Mozambique,,,,,,,,,,,,,,,,,,,,,,,,,,,,,,,,,,,,,,,,,14.4,14.4,14.6,14.5,14.4,14.1,14.1,14,13.3,12.8,12.3,11.4,11,10.5,10.3,10.2,9.9,9.95,9.78,9.81,9.93,9.94,9.97,10.2,10.7,11.4,11.7
Myanmar,,,,,,,,,,,,,,,,,,,,,,,,,,,,,,,,,,,,,,,,,24.9,25.1,25.3,25.4,25.4,25.4,25.4,25.4,25.4,25.4,25.3,25.1,24.9,24.7,24.3,23.9,23.5,23,22.6,22.2,21.8,21.4,21,20.6,20.3,20,19.7
Namibia,,,,,,,,,,,,,,,,,,,,,,,,,,,,,,,,,,,,,,,,,14.4,14.4,14.4,14.6,14.8,15.2,15.3,15.8,16.1,16.8,17.4,17.5,17.6,18.1,18.2,18.1,18,17.8,17.6,17.9,17,16.5,16.4,16.2,16.2,16.2,16
Nepal,,,,,,,,,,,,,,,,,,,,,,,,,,,,,,,,,,,,,,,,,13.8,13.8,13.6,13.9,13.7,13.4,13.1,12.6,12.5,12.6,12.4,12.5,12.7,12.7,12.8,12.8,12.7,12.6,12.6,12.5,12.3,12.3,12.2,12.2,12.2,12.3,12.3
Netherlands,23.2,24.2,24.4,23.4,23.2,23,23.7,22.8,23.9,24.3,24.5,24.8,23.8,24.5,25.5,26.5,25.9,28,26.9,27,26.5,27.4,27.9,28.6,28.3,28.2,27.5,27.9,27.9,29.3,28.6,29.9,30.2,30.4,29.8,31,31.1,32.3,32.4,32.6,32.7,32.9,33,33.4,33.5,33.3,33.3,32.9,32.5,32.6,32.1,32,31.9,31.6,30.6,29.4,28.8,27.9,27.4,26.8,26.4,26.3,25.7,24.6,23.7,23.5,23.4
New Zealand,23,23.1,24.1,21.8,21.6,23.6,19.5,23.4,22.8,21.2,20.1,25.7,21.8,22.8,23.9,24.4,22.4,24.9,24.6,23.2,25.6,25.7,22.5,25.6,26.1,24.1,25.4,26.1,24.5,26.7,27.4,25.7,27.8,28.5,25.7,28.2,26.7,30.4,28.8,28.8,29.9,29.5,28.9,28.4,28.5,28.7,28.9,28.2,27.8,27.4,26.8,26.7,26.4,25.9,25.6,25,24.5,24,23.7,23.5,23,22.6,22.5,22.3,22,22.1,22
Nicaragua,,,,,,,,,,,,0.748,1.02,1.21,,,,,1.82,2.11,,,,2.04,2.59,3.26,2.93,3.6,,,,,,,,,,,5.87,6.16,7.15,7.34,7.51,7.66,7.81,7.94,8.02,8.09,8.1,8.03,8.06,8.17,8.28,8.36,8.41,8.37,8.37,8.41,8.54,8.75,8.87,8.96,8.96,8.93,8.91,8.85,8.73
Niger,,,,,,,,,,,,,,,,,,,,,,,,,,,,,,,,,,,,,,,,,11.6,11.6,11.8,11.8,11.9,12,11.7,11.8,11.7,11.5,11.5,11.7,11.6,11.5,11.5,11.4,11.6,11.6,11.6,11.6,11.5,11.7,11.8,11.9,12,12.1,12.2
Nigeria,,,,,,,,,,,,,,,,,,,,,,,,,,,,,,,,,,,,,,,,,33,33.4,33.9,34.3,34.1,34.5,34.5,34.2,33.5,32.5,31.7,31,31.3,30.4,29.7,28.6,27.8,27.3,25.9,25.3,24.6,24,23.8,24,24.2,24.8,25.2
North Korea,,,,,,,,,,,,,,,,,,,,,,,,,,,,,,,,,,,,,,,,,7.46,7.43,7.43,7.42,7.48,7.57,7.7,7.84,7.99,8.22,8.41,8.59,8.73,8.83,8.9,8.95,9.01,9.05,9.1,9.15,9.19,9.22,9.24,9.26,9.28,9.3,9.29
Norway,,19.1,17.2,15.9,18,18.6,18.1,16.3,17.8,16.6,17,18.4,15.8,17.5,16.1,18.3,17.8,16.4,19.9,18.9,17,17.6,18.3,18.9,19.1,18.8,19.6,21,21.7,21.7,20.4,21.1,21.5,20.5,21.9,22.6,24.3,23.4,25,24.5,25,25.1,25.3,25.4,25.2,25,25,24.7,24.3,23.7,23.4,23.1,22.8,22.1,21.4,20.7,20,19.4,18.9,18.6,18.4,18,17.7,17.5,17.1,16.9,16.9
Oman,,,,,,,,,,,,,,,,,,,,,,,,,,,,,,,,,,,,,,,,,8.76,8.88,9.01,9.12,9.25,9.39,9.41,9.43,9.45,9.5,9.52,9.53,9.57,9.65,9.73,9.76,9.95,10.2,10.4,10.8,10.8,10.6,10.5,10.5,10.5,10.5,10.5
Pakistan,,,,,,,,,,,,,,,,,,,,,,,,,,,,,,,,,,,,,,,,,21.3,22.2,23.5,24.7,25.8,27.2,27.7,28.5,29.1,29.5,29.8,30.1,30.3,30.6,30.4,30.1,29.7,29.4,29.1,28.9,28.7,28.6,28.5,28.6,28.8,29,29
Palestine,,,,,,,,,,,,,,,,,,,,,,,,,,,,,,,,,,,,,,,,,17.1,17.1,17.1,17,16.9,16.8,16.9,16.8,16.8,16.9,17.1,16.9,16.9,17.6,17.9,18.1,18.3,18.5,18.5,18.6,19.2,20,20.6,21.3,22.3,22.7,23
Panama,,,,,,4.94,4.24,5.74,3.64,4.43,6.92,6.03,7.15,5.83,6.75,6.62,9.66,5.3,6.72,4.95,5,7.39,6.04,7.69,7.35,8.41,9.34,8.21,7.81,10.4,10.6,9.55,10.4,11.4,11.8,14.7,11.4,12.3,13.5,15.6,,,,,,,14.1,14.1,14.2,13.7,13.9,13.7,13.3,13.5,13.5,13.4,13.4,13.6,13.9,13.8,13.9,14.2,14.3,14.3,14.2,13.8,13.4
Papua New Guinea,,,,,,,,,,,,,,,,,,,,,,,,,,,,,,,,,,,,,,,,,20.7,20.9,21,21,21,21.1,21.2,21.2,21.3,21.5,21.6,22,22.4,22.5,22.8,23,23.2,23.3,23.4,23.5,23.4,23.4,23.4,23.2,23.1,23,22.9
Paraguay,,,,,,,,,,,,,,,,,,,,,,,,,,,,,,,,,,,,,,,,,13.8,14.3,14.7,14.9,15.1,15,15.5,15.9,16.2,16.6,17,17.4,18.1,18.6,19,19.5,19.8,20.1,20.3,20.5,20.7,21,21.1,21.3,21.3,21.3,21.1
Peru,,,,,,,,,,,,,,,,,,,,,,,,,,,,,,,,,,,,,,,,,11.6,11.7,12.2,12.7,13,13,12.9,12.7,12.5,12.3,11.9,11.6,11.5,11.4,11.1,10.8,10.4,10.2,10.3,10.5,10.6,10.5,10.3,10,9.72,9.72,9.69
Philippines,,,,,,,,,,,,,,,,,,,,,,,,,,,,,,,,,,,,,,,,,16.4,16.7,17.5,18.1,18.6,19,19.3,20,20.6,21.4,21.9,22.4,22.9,23.2,23.2,23.4,23.6,23.7,23.8,23.9,23.9,23.9,23.9,23.4,23.1,22.7,22.3
Poland,,,,,,,,,,5.15,5.81,6.86,7.55,9.28,10.1,10.8,10.8,11.4,11.1,11.9,11.5,12,12.7,13.3,13.9,14.4,15.2,15.1,15.9,16.2,17,17.6,17.8,17.7,18.4,18.4,18.6,18.9,19.6,19.7,20.6,21.3,21.2,21,21.2,21.6,21.8,22.1,21.6,21.2,20.8,20.3,19.8,19.5,19.4,19.6,19.6,19.7,19.4,19.4,18.8,18.8,18.9,18.6,18.1,17.6,17.3
Portugal,,,,,,10.6,11,10.5,10.9,11.5,12,11.1,12.3,12.2,12.5,13.6,12.9,12.5,13,13.4,12.9,15.4,15.4,15.1,16,16,17.3,16.6,18,18.6,19.2,19.2,21,20.9,21.6,22.2,22.1,23.1,23.3,24.2,24.7,24.8,24.7,24.7,24.4,24.4,24.3,24,23.7,23.3,23.1,22.9,22.3,21.9,21.3,21.4,20.9,20.4,19.9,19.5,19,18.6,18.5,17.9,17.5,17.3,17.1
Qatar,,,,,,,,,,,,,,,,,,,,,,,,,,,,,,,,,,,,,,,,,24.1,24.4,24.6,25.3,25.5,25.5,24.5,23.7,23.1,22.9,22.3,21.4,22.4,22.9,22.8,21.7,21,20.6,20.5,20.4,19.9,19.8,19.8,19.4,19.8,19.8,19.9
Romania,,,,,,,,,,5.47,6.23,7.43,8.13,8.24,8.95,8.8,9.66,8.66,8.93,9.4,10.1,10.8,10.8,10.7,10.9,11.5,11.9,12.6,13.3,,13.3,13.7,14.3,14.9,14.8,15.3,15.7,15.7,17.1,17,17.4,17.5,17.8,18.1,18.6,19.2,19.7,19.6,19.4,19.1,19.1,19.6,19.9,19.8,19.2,19.4,19.1,18.9,19.1,19.4,19,18.1,18.2,18.5,18.5,18.1,17.7
Russia,,,,,,,,,,,,,,,,,,,,,,,,,,,,,,,11.1,11.4,12.2,12.5,13.2,13.8,14.6,14.8,15.4,16.1,16.5,16.8,18.1,21.4,23.3,22.1,20.5,19.5,19.4,20.9,21.6,21.9,22.4,22.8,22.7,22.9,21.5,20.9,21.1,20.4,20.3,19.7,18.9,18.6,18.6,18.5,18.8
Rwanda,,,,,,,,,,,,,,,,,,,,,,,,,,,,,,,,,,,,,,,,,18.1,19,18.9,18.7,18.8,18.8,18.8,18.5,18.3,17.8,17,16.1,15.3,14.7,14.3,13.8,13.8,13.7,13.9,14.2,14.5,14.8,14.9,15.3,15.6,15.9,16
Samoa,,,,,,,,,,,,,,,,,,,,,,,,,,,,,,,,,,,,,,,,,21.5,21.7,21.9,22,22.1,22.3,22.5,22.7,22.8,22.8,22.6,22.5,22.4,22.4,22.4,22.4,22.4,22.6,22.7,23,23.3,23.6,23.5,23.5,23.6,23.7,23.4
Sao Tome and Principe,,,,,,,,,,,,,,,,,,,,,,,,,,,,,,,,,,,,,,,,,12.2,12.4,12.7,12.9,13.2,13.4,14,14.3,14.4,14.4,14.6,14.5,14.6,14.3,14.4,14.1,14.1,14,13.9,14,14.1,13.9,14,13.8,13.8,13.8,13.7
Saudi Arabia,,,,,,,,,,,,,,,,,,,,,,,,,,,,,,,,,,,,,,,,,9.09,9.31,9.51,9.72,9.98,10.3,10.6,11,11.5,11.9,12.2,12.3,12.4,12.5,12.5,12.6,12.6,12.7,12.8,13,13.1,13.2,13.1,12.8,12.5,12.3,12
Senegal,,,,,,,,,,,,,,,,,,,,,,,,,,,,,,,,,,,,,,,,,13.7,13.8,14.1,14.1,14.6,14.5,14.7,14.9,15.2,15.7,15.8,16.1,16.1,16.2,16.6,16.8,17,17.2,17.4,17.5,17.6,17.7,17.8,18,18.1,18.3,18.3
Serbia,,,,,,,,,,,,,,,,,,,,,,,,,,,,,,,,,,,,,,,,,24.7,24.8,25.2,25.7,26.3,26.9,27.3,27.5,27.6,28,28.2,28.4,28.5,28.6,28.6,28.2,27.9,27.7,27.2,26.9,26.8,26.6,26.3,26,25.8,25.5,25.2
Seychelles,,,,,,,,,,,,,,,,,,,,,,,,,,,,,,,,,,,,,,,,,19.1,18.9,19,19.1,19.3,19.6,20.8,21.8,22.5,22.9,23,23.1,23.4,23.7,24,23.9,23.4,22.7,22,22,22.1,22.1,22.3,22.6,22.8,22.8,22.6
Sierra Leone,,,,,,,,,,,,,,,,,,,,,,,,,,,,,,,,,,,,,,,,,14,14,14.1,14.1,14.4,14.8,15,15.6,15.4,15.6,15.6,15.8,16.5,16.5,16.7,16.9,17.1,17.6,17.8,18.1,18.4,18.6,18.8,18.9,19.1,19.4,19.6
Singapore,,,,,,,,,,,,,,9.76,9.79,8.8,10.9,11.3,9.2,12,9.45,8.1,11.1,9.78,10.9,12.1,9.82,11.4,15,14.6,15.2,16.5,12.4,12.3,12.5,15.4,15.4,16,12.7,14.7,16.5,16.4,16.2,16.5,16.5,16.5,16.5,16.7,16.6,16.7,16.5,16.5,16.4,16.2,15.7,15.7,15.4,15.1,15.1,15.3,15.1,15,15.1,15.5,15.2,14.9,14.5
Slovak Republic,,,,,,,,,,,,,,,,,,,,,,,,,,,,,,,,,,,,,,,,,22.1,22.4,22.2,22.4,22.4,22.6,22.5,22.9,22.9,22.9,22.6,22.6,22.1,21.9,21.8,21.7,21.6,21.6,21,20.9,20.3,20.3,20.2,20.1,19.6,19.5,19.5
Slovenia,,,,,,,,,,,,,,,,,,,,,,,,,,,,,,,,,,,,21.7,23.1,23.1,23.2,23.8,23.7,24.8,25.3,25.8,25.8,25.5,25.8,25.8,26.2,26.7,25.9,25.9,25.7,25.4,25.2,24.7,23.7,23.2,22.3,21.8,21.2,20.6,20.2,19.6,18.4,18.7,18.5
Solomon Islands,,,,,,,,,,,,,,,,,,,,,,,,,,,,,,,,,,,,,,,,,24,24.3,24.5,24.8,25,25,25.3,26,26.3,27.2,27,27.7,28.3,28.8,29.2,29.6,30.2,30.9,31.4,31.8,31.9,31.9,31.9,31.9,32,32.1,31.8
Somalia,,,,,,,,,,,,,,,,,,,,,,,,,,,,,,,,,,,,,,,,,23,23.1,23.4,23.5,23.8,24,24.1,24.2,24.2,23.9,23.6,23.4,23.4,23.4,23.4,23.4,23.4,23.4,23.5,23.4,23.5,23.6,23.9,23.9,24,24.2,24.2
South Africa,,,,,,,,,,,,,,,,,,,,,,,,,,,,,,,,,,,,,,,,,14.5,14.4,14.8,14.2,14.5,14,14.7,16.4,16.7,17.1,17.9,17.5,17.6,17.8,18.1,18.5,18.8,18.8,18.5,18.6,18.9,18.7,18.2,17.9,17.9,17.7,17.7
South Korea,,,,,,,,,,,,,,,,,,,,,,,,,,,,,,,,,,,,3.14,4.32,4.92,5.85,6.95,7.82,7.7,7.66,7.68,7.67,7.66,7.69,7.73,7.81,7.94,8.03,8.17,8.26,8.25,8.26,8.2,8.14,8.1,8.12,8.11,8.04,7.89,7.81,7.76,7.71,7.7,7.67
South Sudan,,,,,,,,,,,,,,,,,,,,,,,,,,,,,,,,,,,,,,,,,11.3,11.4,11.7,12,12.3,12.5,12.6,12.4,12.4,12.3,12.1,11.7,11.4,11.4,11.5,11.5,11.7,11.8,11.7,11.7,11.6,11.6,11.8,12,12.2,12.4,12.5
Spain,,5.37,5.69,5.32,6,6.27,6.04,6.41,6.39,6.67,8.26,8.59,9.23,9.43,9.6,9.46,9.22,9.93,9.85,10.2,10.1,11.4,11.8,12.1,12.6,13.6,14.8,15,15.2,15.4,16.3,16.4,17.4,17.6,18.6,18.8,19.7,20.9,21.5,22,22.2,22.2,22,22.1,21.9,21.6,21,20.7,20.3,19.9,19.4,19.1,18.7,18.4,18,17.7,17.4,17,16.7,16.4,16.1,15.9,15.8,15.5,15.1,15,14.9
Sri Lanka,,,,,,,,,,,,,,,,,,,,,,,,,,,,,,,,,,,,,,,,,8.39,8.32,8.4,8.69,8.94,9.09,9.26,9.53,9.71,9.77,9.67,9.56,9.5,9.49,9.56,9.64,9.82,9.87,10,10.2,10.2,10,9.9,9.8,9.68,9.57,9.45
St. Lucia,,,,,,,,,,,,,,,,,,,,,,,,,,,,,,,,,,,,,,,,,22.9,22.7,22.9,22.4,22.3,22.2,21.8,21.7,21.4,21.1,21.4,21.6,21.4,21.4,21.4,20.7,20.4,20.2,19.8,19.6,19.5,19.3,19.8,19.3,19.6,19.7,19.6
St. Vincent and the Grenadines,,,,,,,,,,,,,,,,,,,,,,,,,,,,,,,,,,,,,,,,,25.8,26.7,27.5,28,28.5,28.9,29.3,29.2,28.5,28.5,29.3,29.5,29,28.6,28.7,28.4,28,28.1,28.6,28.5,28.5,29.1,29.9,30.2,30.5,30.5,30.1
Sudan,,,,,,,,,,,,,,,,,,,,,,,,,,,,,,,,,,,,,,,,,16.8,16.9,17,17.1,17.2,17.2,17.2,17.2,17.1,17.1,17.1,17.1,17.1,17.1,17.1,17.2,17.3,17.2,17.2,17,16.9,16.9,17,17.2,17.3,17.5,17.5
Suriname,,,,,,,,,,,,,,4.01,10.3,6.71,9.19,,,,,10.5,9.66,4.67,,15.1,9.36,13.8,12.6,14.5,9.93,10.3,10.8,,13.8,9.15,10.1,11.2,11.4,8.89,14.3,14.2,14.7,15.2,15.4,15.3,15.4,15.7,16.1,16.7,17.3,17.8,18.3,18.5,18.5,18.4,18.4,18.4,18.4,18.3,18.4,18.5,18.6,18.7,18.9,18.8,18.7
Swaziland,,,,,,,,,,,,,,,,,,,,,,,,,,,,,,,,,,,,,,,,,18.3,18.3,17.9,17.1,16.3,16.2,15.5,15.1,15.5,16.4,18.3,19.1,20.4,20.5,20.7,21,20.4,19.7,18.9,18.3,17.8,17.2,17.1,17,16.9,16.6,16.4
Sweden,,15.5,18.5,19.3,18.9,19.6,18.1,18.8,18.3,18.7,19.6,19.9,19.1,19.1,19.9,17.8,18.7,18.1,18.4,19.1,18.5,19.6,21.4,20.9,21.6,21.6,20.9,21.5,20.5,21.8,22.6,21.7,22.5,22.6,22.8,22.9,22.7,23,24.7,23.9,24.4,24.4,24.1,23.9,23.7,23.5,23.1,22.7,22.6,22.6,22.6,22.2,21.9,21.8,22.1,21.5,20.9,20.5,20.2,19.6,18.9,18.6,18.8,18.7,18.4,18.5,18.6
Switzerland,,21.8,22.3,21.6,21.7,23.3,21.9,22.2,21.8,21.1,22.7,22,22.3,22.1,22.2,22.9,23.1,22.8,23.5,23.7,23.2,25,24.6,25.7,25.1,26.9,26,27,27.6,27.6,28.1,29,29.3,30.7,30.5,31.5,31.3,32.1,32.6,31.3,32.6,31.8,31.1,30.5,30,29.4,27.9,27.1,26.1,25.3,25.2,24.8,24.6,24,22.9,22.4,22.4,22,21.6,21.4,21.2,20.6,20.4,19.7,18.9,18.8,18.9
Syria,,,,,,,,,,,,,,,,,,,,,,,,,,,,,,,,,,,,,,,,,7.42,7.52,7.59,7.79,7.95,8.09,8.17,8.23,8.27,8.27,8.14,8.08,8.04,8.12,8.08,8.01,7.96,8.01,8.11,8.19,8.33,8.19,8.18,8.22,8.25,8.26,8.2
Tajikistan,,,,,,,,,,,,,,,,,,,,,,,,,,,,,,,5.13,6.25,,,6.13,8.58,8.61,8.63,11.6,10.3,9.07,9.07,9.32,9.27,9.32,9.27,9.18,9.13,9.15,9.29,9.42,9.52,9.57,9.57,9.51,9.41,9.25,9.18,9.18,8.86,8.53,8.3,8.11,7.95,7.89,7.85,7.81
Tanzania,,,,,,,,,,,,,,,,,,,,,,,,,,,,,,,,,,,,,,,,,12.5,12.6,12.8,12.9,13.2,13.4,13.5,13.8,14.1,13.9,13.6,13,12.6,12.7,12.6,12.5,12.5,12.5,12.4,12.5,12.4,12.5,12.7,13,13.2,13.4,13.4
Thailand,,,,,,,,0.43,0.53,0.49,0.53,0.59,0.76,0.82,0.91,0.61,0.66,0.86,0.85,1.15,1.72,2.02,2.42,2.92,3.52,4.04,4.18,4.73,5.34,5.94,6.47,7.1,7.33,7.78,7.89,8.28,8.66,9.34,,,9.78,9.81,9.92,9.9,9.88,9.84,9.82,9.84,10,10.8,11.4,12.1,12.6,13,12.9,13,13.1,13.1,12.9,12.8,12.7,12.5,12.4,12.3,12.1,11.9,11.8
Timor-Leste,,,,,,,,,,,,,,,,,,,,,,,,,,,,,,,,,,,,,,,,,16.2,16.2,16.2,16.2,16.2,16,15.8,15.8,15.8,15.7,15.7,15.7,15.9,16.1,15.5,14.6,13.7,13.1,12.9,12.7,12.7,12.7,12.8,13,13.3,13.6,13.8
Togo,,,,,,,,,,,,,,,,,,,,,,,,,,,,,,,,,,,,,,,,,15.6,15.8,15.9,16,16.2,16.1,16.1,16.6,16.7,16.4,16.5,16.5,16.6,16.9,16.5,16.7,16.6,17.2,17.4,17.6,17.8,18.2,18.6,18.9,19.1,19.3,19.5
Tonga,,,,,,,,,,,,,,,,,,,,,,,,,,,,,,,,,,,,,,,,,43.9,45.1,45.5,45.7,45.9,46,46.1,45.8,45.5,46.5,46.6,46,45.4,44.8,44.2,43.9,43.3,43.3,43.1,43.1,43.4,43.6,43.7,43.9,44,44.2,44.1
Trinidad and Tobago,,8.01,14.1,10.8,12.5,15.4,14.6,11.8,13.2,,9.89,8.96,12.1,11.7,,,14.4,20.7,16,,14.2,15.9,14.2,17.6,13.5,14.6,10,14,21,13.9,22.6,18.7,17.7,18.6,23.6,20.8,22.9,27.1,28.4,23.9,26,25.5,25.7,26.4,26.7,26.7,26.7,26.2,25.7,25.5,25.8,25.4,25.9,25.1,25,24.7,24.2,23.9,23.6,23.6,23.6,23.3,23.1,22.9,22.8,22.7,22.6
Tunisia,,,,,,,,,,,,,,,,,,,,,,,,,,,,,,,,,,,,,,,,,18.4,18.6,18.9,19.3,19.4,19.4,19.3,19.1,19.1,19.1,19,19,19,18.9,18.8,18.6,18.5,18.3,18.1,18,17.8,17.7,17.7,17.7,17.6,17.6,17.5
Turkey,,,,,,,,,,,,,,,,,,,,,,,,,,,,,,,,,,,,,,,,,12.4,13,13,13.4,13.4,13.7,13.5,13.5,13.4,14.5,13.2,12.7,12.6,13.7,12.9,12.9,12.3,11.3,10.6,11.2,11.2,11.1,10.7,10.9,10.6,10.5,10.3
Turkmenistan,,,,,,,,,,,,,,,,,,,,,,,,,,,,,,,,5.71,6.99,,,7.3,7.81,6.98,7.58,7.76,9.97,9.96,10.3,10.5,10.8,10.9,10.8,10.6,10.6,10.6,10.3,10.2,10.2,10.3,10.4,10.6,10.8,11,11.1,11.3,11.7,11.9,12.1,12.2,12.1,11.6,11.2
Uganda,,,,,,,,,,,,,,,,,,,,,,,,,,,,,,,,,,,,,,,,,24.4,25.2,25.3,25.5,25.9,26.2,25.5,25.1,25.1,24.9,25.4,25.6,25.5,25.9,26.4,26.6,27,26.9,26.6,26.4,26.5,26.5,26.8,27.5,27.7,27.8,27.7
Ukraine,,,,,,,,,,,,,,,,,,,,,,,,,,,,,,,,12.6,14.1,,,15.4,16.6,17.5,18.2,19.8,20.6,21.8,22.8,24.1,25.1,26.7,26.1,24.9,23.4,24.1,24.4,23.9,23.9,23.8,23.8,23.8,22.5,23,22.9,20.9,19.9,18.9,19.3,19.3,17.9,17.9,18
United Arab Emirates,,,,,,,,,,,,,,,,,,,,,,,,,,,,,,,,,,,,,,,,,17.4,17.6,17.8,18,18.2,18.3,18.6,18.5,18.5,18.6,18.5,18.5,18.4,18,17.6,17.3,17.1,17.4,17.5,17.6,17.8,17.9,18.1,18.2,18.3,18.3,18.3
United Kingdom,23.5,23.2,23.6,23.1,23.5,23.4,23.5,23.4,23.9,23.1,23.8,24,24,24.2,25,24.4,24.4,25,25.2,26.1,26.3,27.1,27.7,28.7,28.2,29.4,29.9,30.4,31,31.3,32.2,32.9,33.1,33.6,34.8,35.1,35.7,35.9,36.1,36.9,36.1,35.9,35.5,35.2,34.5,33.9,33,32.3,31.7,31.1,30.3,29.8,29.2,28.6,27.8,27.1,26.4,25.7,25.2,24.5,24.1,23.8,23.6,23.5,23.3,23.1,22.9
United States,20.6,20.3,20.6,20.7,20.6,21.1,20.9,20.8,20.4,20.3,20.7,20.7,20.7,20.8,21.1,21.3,21.4,21.6,21.8,21.5,21.7,21.8,22.6,23,23.1,23,23.5,24.2,24.1,24,24.7,25,25.5,25.7,26.5,26.8,27,27.1,27.6,27.8,27.9,27.6,27.2,27,26.7,26.3,25.7,24.8,24.2,23.7,23.3,23,22.6,22.2,21.7,21.1,20.6,20.1,19.9,19.7,19.5,19.3,19.1,19.1,19.1,19.3,19.4
Uruguay,,,,,,22.4,19.9,21.1,22.9,21.2,22.9,,,20.1,21.5,21.8,19.2,23.4,22.6,24.6,23.7,26.8,25.7,25.2,27.4,26.1,27.7,28.1,27.8,,29.5,29.7,27.7,30.8,31.7,31.3,33.2,31.1,35.3,33.2,34.6,35.6,34.6,34,33.4,33.3,33.3,33.3,33.5,32.9,32.4,31.7,31.7,31.3,31.1,31,30.8,30.1,29.3,28.9,28.5,28.2,27.8,27.7,27.2,26.9,26.5
Uzbekistan,,,,,,,,,,,,,,,,,,,,,,,,,,,,,,,,6.47,7.08,,,7.65,9.05,9.04,9.71,10.3,10.8,11,11.5,12.1,12.4,12.7,12.9,13,13.1,13.6,13.7,13.8,13.9,14.1,14.2,14.1,14.2,14.1,14.1,14,13.9,13.9,13.9,14,13.9,13.6,13.3
Vanuatu,,,,,,,,,,,,,,,,,,,,,,,,,,,,,,,,,,,,,,,,,21,21.3,21.5,21.8,22,22.1,22.2,22.4,22.9,23.4,23.7,24.1,24.4,24.7,25.1,25.4,25.7,25.9,26.1,26.3,26.4,26.5,26.7,26.9,27.2,27.4,27.3
Venezuela,,,,,,8.07,8.09,7.47,7.12,8.26,8.13,7.32,8.51,9.46,8.89,9.1,8.2,7.86,9.39,9.45,9.65,9.46,9.48,10,8.65,9.36,10.1,11,10.4,11.4,10.2,10.1,10.6,11.4,,11.1,11.8,12.9,13.1,12.8,14,14.6,15.4,15.1,15.6,15.5,15.7,15.5,15.4,15.4,15.2,15.3,16.3,16.3,15.8,15.8,15.9,15.8,16.1,16.3,16.2,16.6,16.7,16.7,16.6,16.5,16.5
Vietnam,,,,,,,,,,,,,,,,,,,,,,,,,,,,,,,,,,,,,,,,,12.4,12.4,12.5,12.6,12.6,12.5,12.5,12.4,12.4,12.3,12.3,12.3,12.2,12.1,12,11.9,11.8,11.7,11.5,11.4,11.3,11.1,11,10.9,10.8,10.7,10.6
Yemen,,,,,,,,,,,,,,,,,,,,,,,,,,,,,,,,,,,,,,,,,15.9,16.1,16.2,16.5,16.7,16.9,17.1,17.2,17.4,17.5,17.8,18,18.2,18.6,18.9,19.1,19.1,18.9,18.6,18.3,18.1,18,18.2,18.7,19.2,19.7,20
Zambia,,,,,,,,,,,,,,,,,,,,,,,,,,,,,,,,,,,,,,,,,14.1,15,16,16.6,17.7,18.7,19.4,19.7,20,19.9,19.5,19.2,18.7,18.6,17.8,17.4,17.1,16.7,16.4,16.1,15.8,15.6,15.3,15.1,14.8,14.7,14.7
Zimbabwe,,,,,,,,,,,,,,,,,,,,,,,,,,,,,,,,,,,,,,,,,24.6,24.1,21.9,20.3,18.9,18.2,18.1,17.9,18.9,20.2,21.6,23.5,25.9,27.4,29.9,29.2,28.8,28,28,28.3,27.6,26.8,26.2,25.8,26.7,26.7,26.7