Notes,Year,Year Code,States,States Code,Count,Population,Crude Rate,Crude Rate Lower 95% Confidence Interval,Crude Rate Upper 95% Confidence Interval,Crude Rate Standard Error
,1999,1999,Alabama,1,3036,4430141,68.5,66.1,71,1.2
,1999,1999,Alaska,2,306,624779,49,43.6,54.8,2.8
,1999,1999,Arizona,4,3327,5023823,66.2,64,68.5,1.1
,1999,1999,Arkansas,5,Missing,Missing,Missing,Missing,Missing,Missing
,1999,1999,California,6,22044,33499204,65.8,64.9,66.7,0.4
,1999,1999,Colorado,8,2876,4226018,68.1,65.6,70.6,1.3
,1999,1999,Connecticut,9,2990,3386401,88.3,85.2,91.5,1.6
,1999,1999,Delaware,10,595,774990,76.8,70.7,83.2,3.1
,1999,1999,District of Columbia,11,452,570213,79.3,72.1,86.9,3.7
,1999,1999,Florida,12,13650,15759421,86.6,85.2,88.1,0.7
,1999,1999,Georgia,13,4765,8045965,59.2,57.6,60.9,0.9
,1999,1999,Hawaii,15,880,1210300,72.7,68,77.7,2.5
,1999,1999,Idaho,16,823,1275674,64.5,60.2,69.1,2.2
,1999,1999,Illinois,17,9134,12359020,73.9,72.4,75.4,0.8
,1999,1999,Indiana,18,4399,6044969,72.8,70.6,75,1.1
,1999,1999,Iowa,19,2346,2917634,80.4,77.2,83.7,1.7
,1999,1999,Kansas,20,1988,2678338,74.2,71,77.6,1.7
,1999,1999,Kentucky,21,2928,4018053,72.9,70.3,75.6,1.3
,1999,1999,Louisiana,22,2999,4460811,67.2,64.8,69.7,1.2
,1999,1999,Maine,23,1002,1266808,79.1,74.3,84.1,2.5
,1999,1999,Maryland,24,3937,5254509,74.9,72.6,77.3,1.2
,1999,1999,Massachusetts,25,5286,6317345,83.7,81.4,86,1.2
,1999,1999,Michigan,26,7262,9897116,73.4,71.7,75.1,0.9
,1999,1999,Minnesota,27,3515,4873481,72.1,69.8,74.5,1.2
,1999,1999,Mississippi,28,Missing,Missing,Missing,Missing,Missing,Missing
,1999,1999,Missouri,29,4125,5561948,74.2,71.9,76.5,1.2
,1999,1999,Montana,30,713,897507,79.4,73.7,85.5,3
,1999,1999,Nebraska,31,1262,1704764,74,70,78.2,2.1
,1999,1999,Nevada,32,1011,1934718,52.3,49.1,55.6,1.6
,1999,1999,New Hampshire,33,909,1222014,74.4,69.6,79.4,2.5
,1999,1999,New Jersey,34,6796,8359592,81.3,79.4,83.3,1
,1999,1999,New Mexico,35,1179,1808082,65.2,61.5,69,1.9
,1999,1999,New York,36,14306,18882725,75.8,74.5,77,0.6
,1999,1999,North Carolina,37,5551,7949361,69.8,68,71.7,0.9
,1999,1999,North Dakota,38,480,644259,74.5,68,81.5,3.4
,1999,1999,Ohio,39,8852,11335454,78.1,76.5,79.7,0.8
,1999,1999,Oklahoma,40,2562,3437147,74.5,71.7,77.5,1.5
,1999,1999,Oregon,41,2889,3393941,85.1,82,88.3,1.6
,1999,1999,Pennsylvania,42,10508,12263805,85.7,84.1,87.3,0.8
,1999,1999,Rhode Island,44,843,1040402,81,75.6,86.7,2.8
,1999,1999,South Carolina,45,2866,3974682,72.1,69.5,74.8,1.3
,1999,1999,South Dakota,46,Missing,Missing,Missing,Missing,Missing,Missing
,1999,1999,Tennessee,47,3702,5638706,65.7,63.6,67.8,1.1
,1999,1999,Texas,48,12156,20558220,59.1,58.1,60.2,0.5
,1999,1999,Utah,49,1010,2203482,45.8,43.1,48.8,1.4
,1999,1999,Vermont,50,516,604683,85.3,78.1,93,3.8
,1999,1999,Virginia,51,4815,7000174,68.8,66.9,70.8,1
,1999,1999,Washington,53,4565,5842564,78.1,75.9,80.4,1.2
,1999,1999,West Virginia,54,1440,1811799,79.5,75.4,83.7,2.1
,1999,1999,Wisconsin,55,4110,5332666,77.1,74.7,79.5,1.2
,1999,1999,Wyoming,56,340,491780,69.1,62,76.9,3.7
Total,1999,1999,,,198046,272809488,72.6,72.3,72.9,0.2
,2000,2000,Alabama,1,2996,4452173,67.3,64.9,69.7,1.2
,2000,2000,Alaska,2,361,627963,57.5,51.7,63.7,3
,2000,2000,Arizona,4,3421,5160586,66.3,64.1,68.6,1.1
,2000,2000,Arkansas,5,Missing,Missing,Missing,Missing,Missing,Missing
,2000,2000,California,6,22079,33987977,65,64.1,65.8,0.4
,2000,2000,Colorado,8,2806,4326921,64.8,62.5,67.3,1.2
,2000,2000,Connecticut,9,2900,3411777,85,81.9,88.2,1.6
,2000,2000,Delaware,10,611,786373,77.7,71.7,84.1,3.1
,2000,2000,District of Columbia,11,446,572046,78,70.9,85.5,3.7
,2000,2000,Florida,12,13675,16047515,85.2,83.8,86.7,0.7
,2000,2000,Georgia,13,5069,8227303,61.6,59.9,63.3,0.9
,2000,2000,Hawaii,15,790,1213519,65.1,60.6,69.8,2.3
,2000,2000,Idaho,16,858,1299430,66,61.7,70.6,2.3
,2000,2000,Illinois,17,8894,12434161,71.5,70,73,0.8
,2000,2000,Indiana,18,4245,6091866,69.7,67.6,71.8,1.1
,2000,2000,Iowa,19,2210,2929067,75.5,72.3,78.7,1.6
,2000,2000,Kansas,20,1972,2693681,73.2,70,76.5,1.6
,2000,2000,Kentucky,21,2857,4049021,70.6,68,73.2,1.3
,2000,2000,Louisiana,22,2997,4471885,67,64.6,69.5,1.2
,2000,2000,Maine,23,1090,1277072,85.4,80.4,90.6,2.6
,2000,2000,Maryland,24,3873,5311034,72.9,70.6,75.3,1.2
,2000,2000,Massachusetts,25,5295,6361104,83.2,81,85.5,1.1
,2000,2000,Michigan,26,7352,9952450,73.9,72.2,75.6,0.9
,2000,2000,Minnesota,27,3686,4933692,74.7,72.3,77.2,1.2
,2000,2000,Mississippi,28,Missing,Missing,Missing,Missing,Missing,Missing
,2000,2000,Missouri,29,4145,5607285,73.9,71.7,76.2,1.1
,2000,2000,Montana,30,704,903773,77.9,72.2,83.9,2.9
,2000,2000,Nebraska,31,1276,1713820,74.5,70.4,78.7,2.1
,2000,2000,Nevada,32,1331,2018741,65.9,62.4,69.6,1.8
,2000,2000,New Hampshire,33,983,1239882,79.3,74.4,84.4,2.5
,2000,2000,New Jersey,34,6784,8430621,80.5,78.6,82.4,1
,2000,2000,New Mexico,35,1134,1821204,62.3,58.7,66,1.8
,2000,2000,New York,36,14318,19001780,75.4,74.1,76.6,0.6
,2000,2000,North Carolina,37,5743,8081614,71.1,69.2,72.9,0.9
,2000,2000,North Dakota,38,476,642023,74.1,67.6,81.1,3.4
,2000,2000,Ohio,39,8517,11363543,75,73.4,76.6,0.8
,2000,2000,Oklahoma,40,2522,3454365,73,70.2,75.9,1.5
,2000,2000,Oregon,41,2788,3429708,81.3,78.3,84.4,1.5
,2000,2000,Pennsylvania,42,10166,12284173,82.8,81.2,84.4,0.8
,2000,2000,Rhode Island,44,856,1050268,81.5,76.1,87.2,2.8
,2000,2000,South Carolina,45,2826,4024223,70.2,67.7,72.9,1.3
,2000,2000,South Dakota,46,Missing,Missing,Missing,Missing,Missing,Missing
,2000,2000,Tennessee,47,3830,5703719,67.1,65,69.3,1.1
,2000,2000,Texas,48,12428,20944499,59.3,58.3,60.4,0.5
,2000,2000,Utah,49,1055,2244502,47,44.2,49.9,1.4
,2000,2000,Vermont,50,471,609618,77.3,70.4,84.6,3.6
,2000,2000,Virginia,51,4918,7105817,69.2,67.3,71.2,1
,2000,2000,Washington,53,4482,5910512,75.8,73.6,78.1,1.1
,2000,2000,West Virginia,54,1374,1807021,76,72.1,80.2,2.1
,2000,2000,Wisconsin,55,4171,5373999,77.6,75.3,80,1.2
,2000,2000,Wyoming,56,350,494300,70.8,63.6,78.6,3.8
Total,2000,2000,,,198131,275879626,71.8,71.5,72.1,0.2
,2001,2001,Alabama,1,3121,4467634,69.9,67.4,72.4,1.3
,2001,2001,Alaska,2,341,633714,53.8,48.2,59.8,2.9
,2001,2001,Arizona,4,3500,5273477,66.4,64.2,68.6,1.1
,2001,2001,Arkansas,5,1883,2691571,70,66.8,73.2,1.6
,2001,2001,California,6,22394,34479458,64.9,64.1,65.8,0.4
,2001,2001,Colorado,8,2856,4425687,64.5,62.2,66.9,1.2
,2001,2001,Connecticut,9,3066,3432835,89.3,86.2,92.5,1.6
,2001,2001,Delaware,10,607,795699,76.3,70.3,82.6,3.1
,2001,2001,District of Columbia,11,466,574504,81.1,73.9,88.8,3.8
,2001,2001,Florida,12,13853,16356966,84.7,83.3,86.1,0.7
,2001,2001,Georgia,13,5242,8377038,62.6,60.9,64.3,0.9
,2001,2001,Hawaii,15,921,1225948,75.1,70.4,80.1,2.5
,2001,2001,Idaho,16,850,1319962,64.4,60.1,68.9,2.2
,2001,2001,Illinois,17,9076,12488445,72.7,71.2,74.2,0.8
,2001,2001,Indiana,18,4431,6127760,72.3,70.2,74.5,1.1
,2001,2001,Iowa,19,2319,2931997,79.1,75.9,82.4,1.6
,2001,2001,Kansas,20,2017,2702162,74.6,71.4,78,1.7
,2001,2001,Kentucky,21,2889,4068132,71,68.4,73.7,1.3
,2001,2001,Louisiana,22,2925,4477875,65.3,63,67.7,1.2
,2001,2001,Maine,23,1133,1285692,88.1,83.1,93.4,2.6
,2001,2001,Maryland,24,3804,5374691,70.8,68.5,73.1,1.1
,2001,2001,Massachusetts,25,5151,6397634,80.5,78.3,82.7,1.1
,2001,2001,Michigan,26,7359,9991120,73.7,72,75.4,0.9
,2001,2001,Minnesota,27,3670,4982796,73.7,71.3,76.1,1.2
,2001,2001,Mississippi,28,Missing,Missing,Missing,Missing,Missing,Missing
,2001,2001,Missouri,29,4103,5641142,72.7,70.5,75,1.1
,2001,2001,Montana,30,717,906961,79.1,73.4,85.1,3
,2001,2001,Nebraska,31,1335,1719836,77.6,73.5,81.9,2.1
,2001,2001,Nevada,32,1429,2098399,68.1,64.6,71.7,1.8
,2001,2001,New Hampshire,33,985,1255517,78.5,73.6,83.5,2.5
,2001,2001,New Jersey,34,6791,8492671,80,78.1,81.9,1
,2001,2001,New Mexico,35,1144,1831690,62.5,58.9,66.2,1.8
,2001,2001,New York,36,14041,19082838,73.6,72.4,74.8,0.6
,2001,2001,North Carolina,37,5907,8210122,71.9,70.1,73.8,0.9
,2001,2001,North Dakota,38,472,639062,73.9,67.3,80.8,3.4
,2001,2001,Ohio,39,8459,11387404,74.3,72.7,75.9,0.8
,2001,2001,Oklahoma,40,2555,3467100,73.7,70.9,76.6,1.5
,2001,2001,Oregon,41,2846,3467937,82.1,79.1,85.1,1.5
,2001,2001,Pennsylvania,42,10366,12298970,84.3,82.7,85.9,0.8
,2001,2001,Rhode Island,44,833,1057142,78.8,73.5,84.3,2.7
,2001,2001,South Carolina,45,2874,4064995,70.7,68.1,73.3,1.3
,2001,2001,South Dakota,46,566,757972,74.7,68.6,81.1,3.1
,2001,2001,Tennessee,47,3705,5750789,64.4,62.4,66.5,1.1
,2001,2001,Texas,48,12635,21319622,59.3,58.2,60.3,0.5
,2001,2001,Utah,49,1103,2283715,48.3,45.5,51.2,1.5
,2001,2001,Vermont,50,498,612223,81.3,74.4,88.8,3.6
,2001,2001,Virginia,51,4722,7198362,65.6,63.7,67.5,1
,2001,2001,Washington,53,4638,5985722,77.5,75.3,79.7,1.1
,2001,2001,West Virginia,54,1401,1801481,77.8,73.7,82,2.1
,2001,2001,Wisconsin,55,4241,5406835,78.4,76.1,80.8,1.2
,2001,2001,Wyoming,56,299,494657,60.4,53.8,67.7,3.5
Total,2001,2001,,,202539,282115961,71.8,71.5,72.1,0.2
,2002,2002,Alabama,1,3091,4480089,69,66.6,71.5,1.2
,2002,2002,Alaska,2,327,642337,50.9,45.5,56.7,2.8
,2002,2002,Arizona,4,3518,5396255,65.2,63.1,67.4,1.1
,2002,2002,Arkansas,5,1949,2705927,72,68.9,75.3,1.6
,2002,2002,California,6,22583,34871843,64.8,63.9,65.6,0.4
,2002,2002,Colorado,8,2846,4490406,63.4,61.1,65.8,1.2
,2002,2002,Connecticut,9,2874,3458749,83.1,80.1,86.2,1.5
,2002,2002,Delaware,10,581,806169,72.1,66.3,78.2,3
,2002,2002,District of Columbia,11,422,573158,73.6,66.8,81,3.6
,2002,2002,Florida,12,13837,16689370,82.9,81.5,84.3,0.7
,2002,2002,Georgia,13,5302,8508256,62.3,60.6,64,0.9
,2002,2002,Hawaii,15,909,1239613,73.3,68.6,78.3,2.4
,2002,2002,Idaho,16,907,1340372,67.7,63.3,72.2,2.2
,2002,2002,Illinois,17,8866,12525556,70.8,69.3,72.3,0.8
,2002,2002,Indiana,18,4373,6155967,71,68.9,73.2,1.1
,2002,2002,Iowa,19,2316,2934234,78.9,75.7,82.2,1.6
,2002,2002,Kansas,20,1995,2713535,73.5,70.3,76.8,1.6
,2002,2002,Kentucky,21,2834,4089875,69.3,66.8,71.9,1.3
,2002,2002,Louisiana,22,2915,4497267,64.8,62.5,67.2,1.2
,2002,2002,Maine,23,1058,1295960,81.6,76.8,86.7,2.5
,2002,2002,Maryland,24,4013,5440389,73.8,71.5,76.1,1.2
,2002,2002,Massachusetts,25,5128,6417206,79.9,77.7,82.1,1.1
,2002,2002,Michigan,26,7345,10015710,73.3,71.7,75,0.9
,2002,2002,Minnesota,27,3632,5018935,72.4,70,74.8,1.2
,2002,2002,Mississippi,28,Missing,Missing,Missing,Missing,Missing,Missing
,2002,2002,Missouri,29,4177,5674825,73.6,71.4,75.9,1.1
,2002,2002,Montana,30,649,911667,71.2,65.8,76.9,2.8
,2002,2002,Nebraska,31,1343,1728292,77.7,73.6,82,2.1
,2002,2002,Nevada,32,1382,2173791,63.6,60.3,67,1.7
,2002,2002,New Hampshire,33,1013,1269089,79.8,75,84.9,2.5
,2002,2002,New Jersey,34,6562,8552643,76.7,74.9,78.6,0.9
,2002,2002,New Mexico,35,1130,1855309,60.9,57.4,64.6,1.8
,2002,2002,New York,36,14057,19137800,73.5,72.2,74.7,0.6
,2002,2002,North Carolina,37,5708,8326201,68.6,66.8,70.4,0.9
,2002,2002,North Dakota,38,466,638168,73,66.5,80,3.4
,2002,2002,Ohio,39,8353,11407889,73.2,71.7,74.8,0.8
,2002,2002,Oklahoma,40,2560,3489080,73.4,70.6,76.3,1.5
,2002,2002,Oregon,41,2823,3513424,80.3,77.4,83.4,1.5
,2002,2002,Pennsylvania,42,9949,12331031,80.7,79.1,82.3,0.8
,2002,2002,Rhode Island,44,844,1065995,79.2,73.9,84.7,2.7
,2002,2002,South Carolina,45,2858,4107795,69.6,67,72.2,1.3
,2002,2002,South Dakota,46,620,760020,81.6,75.3,88.3,3.3
,2002,2002,Tennessee,47,3865,5795918,66.7,64.6,68.8,1.1
,2002,2002,Texas,48,13008,21690325,60,58.9,61,0.5
,2002,2002,Utah,49,1051,2324815,45.2,42.5,48,1.4
,2002,2002,Vermont,50,489,615442,79.5,72.6,86.8,3.6
,2002,2002,Virginia,51,4923,7286873,67.6,65.7,69.5,1
,2002,2002,Washington,53,4729,6052349,78.1,75.9,80.4,1.1
,2002,2002,West Virginia,54,1296,1805414,71.8,67.9,75.8,2
,2002,2002,Wisconsin,55,4012,5445162,73.7,71.4,76,1.2
,2002,2002,Wyoming,56,336,500017,67.2,60.2,74.8,3.7
Total,2002,2002,,,201824,284766512,70.9,70.6,71.2,0.2
,2003,2003,Alabama,1,2920,4503491,64.8,62.5,67.2,1.2
,2003,2003,Alaska,2,374,648414,57.7,52,63.8,3
,2003,2003,Arizona,4,3345,5510364,60.7,58.7,62.8,1
,2003,2003,Arkansas,5,1809,2724816,66.4,63.4,69.5,1.6
,2003,2003,California,6,21387,35253159,60.7,59.9,61.5,0.4
,2003,2003,Colorado,8,2882,4528732,63.6,61.3,66,1.2
,2003,2003,Connecticut,9,2762,3484336,79.3,76.3,82.3,1.5
,2003,2003,Delaware,10,588,818003,71.9,66.2,77.9,3
,2003,2003,District of Columbia,11,595,568502,104.7,96.4,113.4,4.3
,2003,2003,Florida,12,13025,17004085,76.6,75.3,77.9,0.7
,2003,2003,Georgia,13,5282,8622793,61.3,59.6,62.9,0.8
,2003,2003,Hawaii,15,868,1251154,69.4,64.8,74.1,2.4
,2003,2003,Idaho,16,818,1363380,60,56,64.3,2.1
,2003,2003,Illinois,17,8242,12556006,65.6,64.2,67.1,0.7
,2003,2003,Indiana,18,4009,6196638,64.7,62.7,66.7,1
,2003,2003,Iowa,19,2161,2941999,73.5,70.4,76.6,1.6
,2003,2003,Kansas,20,1854,2723004,68.1,65,71.3,1.6
,2003,2003,Kentucky,21,2809,4117170,68.2,65.7,70.8,1.3
,2003,2003,Louisiana,22,2930,4521042,64.8,62.5,67.2,1.2
,2003,2003,Maine,23,1081,1306513,82.7,77.9,87.8,2.5
,2003,2003,Maryland,24,4170,5496269,75.9,73.6,78.2,1.2
,2003,2003,Massachusetts,25,4945,6422565,77,74.9,79.2,1.1
,2003,2003,Michigan,26,7079,10041152,70.5,68.9,72.2,0.8
,2003,2003,Minnesota,27,3424,5053572,67.8,65.5,70.1,1.2
,2003,2003,Mississippi,28,1687,2868312,58.8,56,61.7,1.4
,2003,2003,Missouri,29,4082,5709403,71.5,69.3,73.7,1.1
,2003,2003,Montana,30,700,919630,76.1,70.6,82,2.9
,2003,2003,Nebraska,31,1193,1738643,68.6,64.8,72.6,2
,2003,2003,Nevada,32,1283,2248850,57.1,54,60.3,1.6
,2003,2003,New Hampshire,33,909,1279840,71,66.5,75.8,2.4
,2003,2003,New Jersey,34,6427,8601402,74.7,72.9,76.6,0.9
,2003,2003,New Mexico,35,1079,1877574,57.5,54.1,61,1.7
,2003,2003,New York,36,14131,19175939,73.7,72.5,74.9,0.6
,2003,2003,North Carolina,37,5542,8422501,65.8,64.1,67.6,0.9
,2003,2003,North Dakota,38,452,638817,70.8,64.4,77.6,3.3
,2003,2003,Ohio,39,8120,11434788,71,69.5,72.6,0.8
,2003,2003,Oklahoma,40,2629,3504892,75,72.2,77.9,1.5
,2003,2003,Oregon,41,2631,3547376,74.2,71.4,77.1,1.4
,2003,2003,Pennsylvania,42,9640,12374658,77.9,76.4,79.5,0.8
,2003,2003,Rhode Island,44,787,1071342,73.5,68.4,78.8,2.6
,2003,2003,South Carolina,45,2907,4150297,70,67.5,72.6,1.3
,2003,2003,South Dakota,46,555,763729,72.7,66.7,79,3.1
,2003,2003,Tennessee,47,3848,5847812,65.8,63.7,67.9,1.1
,2003,2003,Texas,48,12489,22030931,56.7,55.7,57.7,0.5
,2003,2003,Utah,49,1029,2360137,43.6,41,46.3,1.4
,2003,2003,Vermont,50,477,617858,77.2,70.4,84.5,3.5
,2003,2003,Virginia,51,4874,7366977,66.2,64.3,68,0.9
,2003,2003,Washington,53,4468,6104115,73.2,71.1,75.4,1.1
,2003,2003,West Virginia,54,1345,1812295,74.2,70.3,78.3,2
,2003,2003,Wisconsin,55,3869,5479203,70.6,68.4,72.9,1.1
,2003,2003,Wyoming,56,342,503453,67.9,60.9,75.5,3.7
Total,2003,2003,,,196854,290107933,67.9,67.6,68.2,0.2
,2004,2004,Alabama,1,2951,4530729,65.1,62.8,67.5,1.2
,2004,2004,Alaska,2,340,659286,51.6,46.2,57.4,2.8
,2004,2004,Arizona,4,3505,5652404,62,60,64.1,1
,2004,2004,Arkansas,5,1759,2749686,64,61,67,1.5
,2004,2004,California,6,21460,35574576,60.3,59.5,61.1,0.4
,2004,2004,Colorado,8,2692,4575013,58.8,56.6,61.1,1.1
,2004,2004,Connecticut,9,2852,3496094,81.6,78.6,84.6,1.5
,2004,2004,Delaware,10,573,830803,69,63.4,74.9,2.9
,2004,2004,District of Columbia,11,411,567754,72.4,65.6,79.7,3.6
,2004,2004,Florida,12,12873,17415318,73.9,72.6,75.2,0.7
,2004,2004,Georgia,13,5407,8769252,61.7,60,63.3,0.8
,2004,2004,Hawaii,15,887,1273569,69.6,65.1,74.4,2.3
,2004,2004,Idaho,16,766,1391802,55,51.2,59.1,2
,2004,2004,Illinois,17,8380,12589773,66.6,65.1,68,0.7
,2004,2004,Indiana,18,4011,6233007,64.4,62.4,66.4,1
,2004,2004,Iowa,19,2163,2953635,73.2,70.2,76.4,1.6
,2004,2004,Kansas,20,1841,2734373,67.3,64.3,70.5,1.6
,2004,2004,Kentucky,21,2801,4146101,67.6,65.1,70.1,1.3
,2004,2004,Louisiana,22,2979,4552238,65.4,63.1,67.8,1.2
,2004,2004,Maine,23,1063,1313688,80.9,76.1,85.9,2.5
,2004,2004,Maryland,24,3908,5546935,70.5,68.3,72.7,1.1
,2004,2004,Massachusetts,25,5088,6412281,79.3,77.2,81.6,1.1
,2004,2004,Michigan,26,7081,10055315,70.4,68.8,72.1,0.8
,2004,2004,Minnesota,27,3403,5087713,66.9,64.7,69.2,1.1
,2004,2004,Mississippi,28,1798,2889010,62.2,59.4,65.2,1.5
,2004,2004,Missouri,29,4059,5747741,70.6,68.5,72.8,1.1
,2004,2004,Montana,30,651,930009,70,64.7,75.6,2.7
,2004,2004,Nebraska,31,1239,1749370,70.8,66.9,74.9,2
,2004,2004,Nevada,32,1340,2346222,57.1,54.1,60.3,1.6
,2004,2004,New Hampshire,33,966,1290121,74.9,70.2,79.8,2.4
,2004,2004,New Jersey,34,6724,8634561,77.9,76,79.8,0.9
,2004,2004,New Mexico,35,1187,1903808,62.3,58.9,66,1.8
,2004,2004,New York,36,13925,19171567,72.6,71.4,73.9,0.6
,2004,2004,North Carolina,37,5869,8553152,68.6,66.9,70.4,0.9
,2004,2004,North Dakota,38,459,644705,71.2,64.8,78,3.3
,2004,2004,Ohio,39,8287,11452251,72.4,70.8,73.9,0.8
,2004,2004,Oklahoma,40,2638,3525233,74.8,72,77.7,1.5
,2004,2004,Oregon,41,2722,3569463,76.3,73.4,79.2,1.5
,2004,2004,Pennsylvania,42,9881,12410722,79.6,78.1,81.2,0.8
,2004,2004,Rhode Island,44,859,1074579,79.9,74.7,85.5,2.7
,2004,2004,South Carolina,45,2814,4210921,66.8,64.4,69.3,1.3
,2004,2004,South Dakota,46,500,770396,64.9,59.3,70.8,2.9
,2004,2004,Tennessee,47,3792,5910809,64.2,62.1,66.2,1
,2004,2004,Texas,48,12398,22394023,55.4,54.4,56.3,0.5
,2004,2004,Utah,49,1123,2401580,46.8,44.1,49.6,1.4
,2004,2004,Vermont,50,490,619920,79,72.2,86.4,3.6
,2004,2004,Virginia,51,5177,7475575,69.3,67.4,71.2,1
,2004,2004,Washington,53,4379,6178645,70.9,68.8,73,1.1
,2004,2004,West Virginia,54,1377,1816438,75.8,71.9,79.9,2
,2004,2004,Wisconsin,55,3780,5514026,68.6,66.4,70.8,1.1
,2004,2004,Wyoming,56,327,509106,64.2,57.5,71.6,3.6
Total,2004,2004,,,197955,292805298,67.6,67.3,67.9,0.2
,2005,2005,Alabama,1,3097,4565917,67.8,65.5,70.3,1.2
,2005,2005,Alaska,2,370,666946,55.5,50,61.4,2.9
,2005,2005,Arizona,4,3400,5839077,58.2,56.3,60.2,1
,2005,2005,Arkansas,5,1748,2781097,62.9,59.9,65.9,1.5
,2005,2005,California,6,22214,35827943,62,61.2,62.8,0.4
,2005,2005,Colorado,8,2951,4631888,63.7,61.4,66.1,1.2
,2005,2005,Connecticut,9,2894,3506956,82.5,79.5,85.6,1.5
,2005,2005,Delaware,10,665,845150,78.7,72.8,84.9,3.1
,2005,2005,District of Columbia,11,416,567136,73.4,66.5,80.7,3.6
,2005,2005,Florida,12,13286,17842038,74.5,73.2,75.7,0.6
,2005,2005,Georgia,13,5316,8925922,59.6,58,61.2,0.8
,2005,2005,Hawaii,15,873,1292729,67.5,63.1,72.2,2.3
,2005,2005,Idaho,16,809,1428241,56.6,52.8,60.7,2
,2005,2005,Illinois,17,8576,12609903,68,66.6,69.5,0.7
,2005,2005,Indiana,18,4086,6278616,65.1,63.1,67.1,1
,2005,2005,Iowa,19,2185,2964454,73.7,70.6,76.9,1.6
,2005,2005,Kansas,20,1884,2745299,68.6,65.6,71.8,1.6
,2005,2005,Kentucky,21,2844,4182742,68,65.5,70.5,1.3
,2005,2005,Louisiana,22,2685,4411396,60.9,58.6,63.2,1.2
,2005,2005,Maine,23,1120,1318787,84.9,80,90,2.5
,2005,2005,Maryland,24,3789,5592379,67.8,65.6,69.9,1.1
,2005,2005,Massachusetts,25,5045,6403290,78.8,76.6,81,1.1
,2005,2005,Michigan,26,7045,10051137,70.1,68.5,71.7,0.8
,2005,2005,Minnesota,27,3519,5119598,68.7,66.5,71,1.2
,2005,2005,Mississippi,28,1762,2876229,61.3,58.4,64.2,1.5
,2005,2005,Missouri,29,4177,5790300,72.1,70,74.4,1.1
,2005,2005,Montana,30,699,940102,74.4,68.9,80.1,2.8
,2005,2005,Nebraska,31,1200,1761497,68.1,64.3,72.1,2
,2005,2005,Nevada,32,1387,2432143,57,54.1,60.1,1.5
,2005,2005,New Hampshire,33,1022,1298492,78.7,74,83.7,2.5
,2005,2005,New Jersey,34,6598,8651974,76.3,74.4,78.1,0.9
,2005,2005,New Mexico,35,1150,1932274,59.5,56.1,63.1,1.8
,2005,2005,New York,36,14026,19132610,73.3,72.1,74.5,0.6
,2005,2005,North Carolina,37,6066,8705407,69.7,67.9,71.5,0.9
,2005,2005,North Dakota,38,462,646089,71.5,65.1,78.3,3.3
,2005,2005,Ohio,39,8370,11463320,73,71.5,74.6,0.8
,2005,2005,Oklahoma,40,2547,3548597,71.8,69,74.6,1.4
,2005,2005,Oregon,41,2756,3613202,76.3,73.5,79.2,1.5
,2005,2005,Pennsylvania,42,9769,12449990,78.5,76.9,80,0.8
,2005,2005,Rhode Island,44,799,1067916,74.8,69.7,80.2,2.6
,2005,2005,South Carolina,45,2995,4270150,70.1,67.6,72.7,1.3
,2005,2005,South Dakota,46,564,775493,72.7,66.8,79,3.1
,2005,2005,Tennessee,47,4234,5991057,70.7,68.6,72.8,1.1
,2005,2005,Texas,48,12746,22773020,56,55,56.9,0.5
,2005,2005,Utah,49,1097,2457719,44.6,42,47.4,1.3
,2005,2005,Vermont,50,459,621215,73.9,67.3,81,3.4
,2005,2005,Virginia,51,5079,7577105,67,65.2,68.9,0.9
,2005,2005,Washington,53,4582,6257305,73.2,71.1,75.4,1.1
,2005,2005,West Virginia,54,1384,1820492,76,72.1,80.1,2
,2005,2005,Wisconsin,55,3922,5546166,70.7,68.5,73,1.1
,2005,2005,Wyoming,56,300,514157,58.3,51.9,65.3,3.4
Total,2005,2005,,,200969,295312662,68.1,67.8,68.4,0.2
,2006,2006,Alabama,1,3270,4628981,70.6,68.2,73.1,1.2
,2006,2006,Alaska,2,372,675302,55.1,49.6,61,2.9
,2006,2006,Arizona,4,3512,6029141,58.3,56.3,60.2,1
,2006,2006,Arkansas,5,1861,2821761,66,63,69,1.5
,2006,2006,California,6,22351,36021202,62,61.2,62.9,0.4
,2006,2006,Colorado,8,2956,4720423,62.6,60.4,64.9,1.2
,2006,2006,Connecticut,9,2920,3517460,83,80,86.1,1.5
,2006,2006,Delaware,10,609,859268,70.9,65.4,76.7,2.9
,2006,2006,District of Columbia,11,451,570681,79,71.9,86.7,3.7
,2006,2006,Florida,12,13616,18166990,74.9,73.7,76.2,0.6
,2006,2006,Georgia,13,5572,9155813,60.9,59.3,62.5,0.8
,2006,2006,Hawaii,15,839,1309731,64.1,59.8,68.5,2.2
,2006,2006,Idaho,16,943,1468669,64.2,60.2,68.4,2.1
,2006,2006,Illinois,17,8960,12643955,70.9,69.4,72.3,0.7
,2006,2006,Indiana,18,4237,6332669,66.9,64.9,69,1
,2006,2006,Iowa,19,2191,2982644,73.5,70.4,76.6,1.6
,2006,2006,Kansas,20,2032,2762931,73.5,70.4,76.8,1.6
,2006,2006,Kentucky,21,3057,4219239,72.5,69.9,75.1,1.3
,2006,2006,Louisiana,22,2794,4302665,64.9,62.6,67.4,1.2
,2006,2006,Maine,23,1124,1323619,84.9,80,90,2.5
,2006,2006,Maryland,24,3859,5627367,68.6,66.4,70.8,1.1
,2006,2006,Massachusetts,25,5148,6410084,80.3,78.1,82.5,1.1
,2006,2006,Michigan,26,7092,10036081,70.7,69,72.3,0.8
,2006,2006,Minnesota,27,3566,5163555,69.1,66.8,71.4,1.2
,2006,2006,Mississippi,28,1749,2904978,60.2,57.4,63.1,1.4
,2006,2006,Missouri,29,4169,5842704,71.4,69.2,73.6,1.1
,2006,2006,Montana,30,699,952692,73.4,68,79,2.8
,2006,2006,Nebraska,31,1312,1772693,74,70.1,78.1,2
,2006,2006,Nevada,32,1450,2522658,57.5,54.6,60.5,1.5
,2006,2006,New Hampshire,33,1024,1308389,78.3,73.5,83.2,2.4
,2006,2006,New Jersey,34,6616,8661679,76.4,74.6,78.2,0.9
,2006,2006,New Mexico,35,1177,1962137,60,56.6,63.5,1.7
,2006,2006,New York,36,14395,19104631,75.3,74.1,76.6,0.6
,2006,2006,North Carolina,37,6488,8917270,72.8,71,74.6,0.9
,2006,2006,North Dakota,38,481,649422,74.1,67.6,81,3.4
,2006,2006,Ohio,39,8258,11481213,71.9,70.4,73.5,0.8
,2006,2006,Oklahoma,40,2498,3594090,69.5,66.8,72.3,1.4
,2006,2006,Oregon,41,2858,3670883,77.9,75,80.8,1.5
,2006,2006,Pennsylvania,42,10002,12510809,79.9,78.4,81.5,0.8
,2006,2006,Rhode Island,44,861,1063096,81,75.7,86.6,2.8
,2006,2006,South Carolina,45,3142,4357847,72.1,69.6,74.7,1.3
,2006,2006,South Dakota,46,512,783033,65.4,59.8,71.3,2.9
,2006,2006,Tennessee,47,4243,6088766,69.7,67.6,71.8,1.1
,2006,2006,Texas,48,13057,23359580,55.9,54.9,56.9,0.5
,2006,2006,Utah,49,1160,2525507,45.9,43.3,48.7,1.3
,2006,2006,Vermont,50,528,622892,84.8,77.7,92.3,3.7
,2006,2006,Virginia,51,5308,7673725,69.2,67.3,71.1,0.9
,2006,2006,Washington,53,4477,6370753,70.3,68.2,72.4,1.1
,2006,2006,West Virginia,54,1353,1827912,74,70.1,78.1,2
,2006,2006,Wisconsin,55,4012,5577655,71.9,69.7,74.2,1.1
,2006,2006,Wyoming,56,326,522667,62.4,55.8,69.5,3.5
Total,2006,2006,,,205487,298379912,68.9,68.6,69.2,0.2
,2007,2007,Alabama,1,3277,4672840,70.1,67.7,72.6,1.2
,2007,2007,Alaska,2,390,680300,57.3,51.8,63.3,2.9
,2007,2007,Arizona,4,3921,6167681,63.6,61.6,65.6,1
,2007,2007,Arkansas,5,1957,2848650,68.7,65.7,71.8,1.6
,2007,2007,California,6,23381,36250311,64.5,63.7,65.3,0.4
,2007,2007,Colorado,8,3106,4803868,64.7,62.4,67,1.2
,2007,2007,Connecticut,9,2967,3527270,84.1,81.1,87.2,1.5
,2007,2007,Delaware,10,711,871749,81.6,75.7,87.8,3.1
,2007,2007,District of Columbia,11,452,574404,78.7,71.6,86.3,3.7
,2007,2007,Florida,12,13901,18367842,75.7,74.4,76.9,0.6
,2007,2007,Georgia,13,6091,9349988,65.1,63.5,66.8,0.8
,2007,2007,Hawaii,15,922,1315675,70.1,65.6,74.8,2.3
,2007,2007,Idaho,16,968,1505105,64.3,60.3,68.5,2.1
,2007,2007,Illinois,17,8997,12695866,70.9,69.4,72.3,0.7
,2007,2007,Indiana,18,4318,6379599,67.7,65.7,69.7,1
,2007,2007,Iowa,19,2220,2999212,74,71,77.2,1.6
,2007,2007,Kansas,20,1957,2783785,70.3,67.2,73.5,1.6
,2007,2007,Kentucky,21,3054,4256672,71.7,69.2,74.3,1.3
,2007,2007,Louisiana,22,2943,4375581,67.3,64.9,69.7,1.2
,2007,2007,Maine,23,1143,1327040,86.1,81.2,91.3,2.5
,2007,2007,Maryland,24,4190,5653408,74.1,71.9,76.4,1.1
,2007,2007,Massachusetts,25,5228,6431559,81.3,79.1,83.5,1.1
,2007,2007,Michigan,26,7196,10001284,72,70.3,73.6,0.8
,2007,2007,Minnesota,27,3835,5207203,73.6,71.3,76,1.2
,2007,2007,Mississippi,28,1930,2928350,65.9,63,68.9,1.5
,2007,2007,Missouri,29,4113,5887612,69.9,67.7,72,1.1
,2007,2007,Montana,30,729,964706,75.6,70.2,81.3,2.8
,2007,2007,Nebraska,31,1200,1783440,67.3,63.5,71.2,1.9
,2007,2007,Nevada,32,1561,2601072,60,57.1,63.1,1.5
,2007,2007,New Hampshire,33,1042,1312540,79.4,74.6,84.4,2.5
,2007,2007,New Jersey,34,6826,8677885,78.7,76.8,80.5,1
,2007,2007,New Mexico,35,1252,1990070,62.9,59.5,66.5,1.8
,2007,2007,New York,36,14566,19132335,76.1,74.9,77.4,0.6
,2007,2007,North Carolina,37,6687,9118037,73.3,71.6,75.1,0.9
,2007,2007,North Dakota,38,479,652822,73.4,66.9,80.2,3.4
,2007,2007,Ohio,39,8458,11500468,73.5,72,75.1,0.8
,2007,2007,Oklahoma,40,2636,3634349,72.5,69.8,75.4,1.4
,2007,2007,Oregon,41,2902,3722417,78,75.1,80.8,1.4
,2007,2007,Pennsylvania,42,9946,12563937,79.2,77.6,80.7,0.8
,2007,2007,Rhode Island,44,913,1057315,86.4,80.8,92.1,2.9
,2007,2007,South Carolina,45,3307,4444110,74.4,71.9,77,1.3
,2007,2007,South Dakota,46,583,791623,73.6,67.8,79.9,3.1
,2007,2007,Tennessee,47,4349,6175727,70.4,68.3,72.5,1.1
,2007,2007,Texas,48,13761,23831983,57.7,56.8,58.7,0.5
,2007,2007,Utah,49,1165,2597746,44.8,42.3,47.5,1.3
,2007,2007,Vermont,50,522,623481,83.7,76.7,91.2,3.7
,2007,2007,Virginia,51,5631,7751000,72.6,70.8,74.6,1
,2007,2007,Washington,53,4466,6461587,69.1,67.1,71.2,1
,2007,2007,West Virginia,54,1383,1834052,75.4,71.5,79.5,2
,2007,2007,Wisconsin,55,4146,5610775,73.9,71.7,76.2,1.1
,2007,2007,Wyoming,56,334,534876,62.4,55.9,69.5,3.4
Total,2007,2007,,,212012,301231207,70.4,70.1,70.7,0.2
,2008,2008,Alabama,1,3492,4718206,74,71.6,76.5,1.3
,2008,2008,Alaska,2,408,687455,59.3,53.7,65.4,2.9
,2008,2008,Arizona,4,4171,6280362,66.4,64.4,68.5,1
,2008,2008,Arkansas,5,1814,2874554,63.1,60.2,66.1,1.5
,2008,2008,California,6,24146,36604337,66,65.1,66.8,0.4
,2008,2008,Colorado,8,3244,4889730,66.3,64.1,68.7,1.2
,2008,2008,Connecticut,9,3007,3545579,84.8,81.8,87.9,1.5
,2008,2008,Delaware,10,683,883874,77.3,71.6,83.3,3
,2008,2008,District of Columbia,11,437,580236,75.3,68.4,82.7,3.6
,2008,2008,Florida,12,14388,18527305,77.7,76.4,78.9,0.6
,2008,2008,Georgia,13,6217,9504843,65.4,63.8,67.1,0.8
,2008,2008,Hawaii,15,966,1332213,72.5,68,77.2,2.3
,2008,2008,Idaho,16,945,1534320,61.6,57.7,65.6,2
,2008,2008,Illinois,17,9170,12747038,71.9,70.5,73.4,0.8
,2008,2008,Indiana,18,4387,6424806,68.3,66.3,70.3,1
,2008,2008,Iowa,19,2204,3016734,73.1,70,76.2,1.6
,2008,2008,Kansas,20,1959,2808076,69.8,66.7,72.9,1.6
,2008,2008,Kentucky,21,3106,4289878,72.4,69.9,75,1.3
,2008,2008,Louisiana,22,2948,4435586,66.5,64.1,68.9,1.2
,2008,2008,Maine,23,1144,1330509,86,81.1,91.1,2.5
,2008,2008,Maryland,24,4516,5684965,79.4,77.1,81.8,1.2
,2008,2008,Massachusetts,25,5566,6468967,86,83.8,88.3,1.2
,2008,2008,Michigan,26,7036,9946889,70.7,69.1,72.4,0.8
,2008,2008,Minnesota,27,3823,5247018,72.9,70.6,75.2,1.2
,2008,2008,Mississippi,28,1979,2947806,67.1,64.2,70.2,1.5
,2008,2008,Missouri,29,4502,5923916,76,73.8,78.3,1.1
,2008,2008,Montana,30,724,976415,74.1,68.8,79.8,2.8
,2008,2008,Nebraska,31,1344,1796378,74.8,70.9,78.9,2
,2008,2008,Nevada,32,1569,2653630,59.1,56.2,62.1,1.5
,2008,2008,New Hampshire,33,1100,1315906,83.6,78.7,88.7,2.5
,2008,2008,New Jersey,34,6969,8711090,80,78.1,81.9,1
,2008,2008,New Mexico,35,1263,2010662,62.8,59.4,66.4,1.8
,2008,2008,New York,36,14942,19212436,77.8,76.5,79,0.6
,2008,2008,North Carolina,37,6709,9309449,72.1,70.4,73.8,0.9
,2008,2008,North Dakota,38,450,657569,68.4,62.3,75.1,3.2
,2008,2008,Ohio,39,8673,11515391,75.3,73.7,76.9,0.8
,2008,2008,Oklahoma,40,2655,3668976,72.4,69.6,75.2,1.4
,2008,2008,Oregon,41,2911,3768748,77.2,74.5,80.1,1.4
,2008,2008,Pennsylvania,42,10478,12612285,83.1,81.5,84.7,0.8
,2008,2008,Rhode Island,44,899,1055003,85.2,79.7,91,2.8
,2008,2008,South Carolina,45,3435,4528996,75.8,73.3,78.4,1.3
,2008,2008,South Dakota,46,587,799124,73.5,67.6,79.6,3
,2008,2008,Tennessee,47,4519,6247411,72.3,70.2,74.5,1.1
,2008,2008,Texas,48,13985,24309039,57.5,56.6,58.5,0.5
,2008,2008,Utah,49,1293,2663029,48.6,45.9,51.3,1.4
,2008,2008,Vermont,50,498,624151,79.8,72.9,87.1,3.6
,2008,2008,Virginia,51,5713,7833496,72.9,71.1,74.8,1
,2008,2008,Washington,53,4887,6562231,74.5,72.4,76.6,1.1
,2008,2008,West Virginia,54,1277,1840310,69.4,65.6,73.3,1.9
,2008,2008,Wisconsin,55,4189,5640996,74.3,72,76.5,1.1
,2008,2008,Wyoming,56,351,546043,64.3,57.7,71.4,3.4
Total,2008,2008,,,217678,304093966,71.6,71.3,71.9,0.2
,2009,2009,Alabama,1,3466,4757938,72.8,70.4,75.3,1.2
,2009,2009,Alaska,2,380,698895,54.4,49,60.1,2.8
,2009,2009,Arizona,4,4176,6343154,65.8,63.9,67.9,1
,2009,2009,Arkansas,5,1943,2896843,67.1,64.1,70.1,1.5
,2009,2009,California,6,24212,36961229,65.5,64.7,66.3,0.4
,2009,2009,Colorado,8,3462,4972195,69.6,67.3,72,1.2
,2009,2009,Connecticut,9,3083,3561807,86.6,83.5,89.7,1.6
,2009,2009,Delaware,10,699,891730,78.4,72.7,84.4,3
,2009,2009,District of Columbia,11,458,592228,77.3,70.4,84.8,3.6
,2009,2009,Florida,12,14556,18652644,78,76.8,79.3,0.6
,2009,2009,Georgia,13,6425,9620846,66.8,65.2,68.4,0.8
,2009,2009,Hawaii,15,1046,1346717,77.7,73,82.5,2.4
,2009,2009,Idaho,16,994,1554439,63.9,60,68,2
,2009,2009,Illinois,17,9370,12796778,73.2,71.7,74.7,0.8
,2009,2009,Indiana,18,4591,6459325,71.1,69,73.2,1
,2009,2009,Iowa,19,2332,3032870,76.9,73.8,80.1,1.6
,2009,2009,Kansas,20,1979,2832704,69.9,66.8,73,1.6
,2009,2009,Kentucky,21,3136,4317074,72.6,70.1,75.2,1.3
,2009,2009,Louisiana,22,3191,4491648,71,68.6,73.6,1.3
,2009,2009,Maine,23,1102,1329590,82.9,78.1,87.9,2.5
,2009,2009,Maryland,24,4461,5730388,77.8,75.6,80.2,1.2
,2009,2009,Massachusetts,25,5500,6517613,84.4,82.2,86.6,1.1
,2009,2009,Michigan,26,7394,9901591,74.7,73,76.4,0.9
,2009,2009,Minnesota,27,3961,5281203,75,72.7,77.4,1.2
,2009,2009,Mississippi,28,2010,2958774,67.9,65,71,1.5
,2009,2009,Missouri,29,4579,5961088,76.8,74.6,79.1,1.1
,2009,2009,Montana,30,788,983982,80.1,74.6,85.9,2.9
,2009,2009,Nebraska,31,1264,1812683,69.7,65.9,73.7,2
,2009,2009,Nevada,32,1661,2684665,61.9,58.9,64.9,1.5
,2009,2009,New Hampshire,33,1093,1316102,83,78.2,88.1,2.5
,2009,2009,New Jersey,34,7115,8755602,81.3,79.4,83.2,1
,2009,2009,New Mexico,35,1364,2036802,67,63.5,70.6,1.8
,2009,2009,New York,36,15350,19307066,79.5,78.3,80.8,0.6
,2009,2009,North Carolina,37,7182,9449566,76,74.3,77.8,0.9
,2009,2009,North Dakota,38,509,664968,76.5,70,83.5,3.4
,2009,2009,Ohio,39,8894,11528896,77.1,75.6,78.8,0.8
,2009,2009,Oklahoma,40,2611,3717572,70.2,67.6,73,1.4
,2009,2009,Oregon,41,3054,3808600,80.2,77.4,83.1,1.5
,2009,2009,Pennsylvania,42,10629,12666858,83.9,82.3,85.5,0.8
,2009,2009,Rhode Island,44,911,1053646,86.5,80.9,92.3,2.9
,2009,2009,South Carolina,45,3450,4589872,75.2,72.7,77.7,1.3
,2009,2009,South Dakota,46,575,807067,71.2,65.5,77.3,3
,2009,2009,Tennessee,47,4669,6306019,74,71.9,76.2,1.1
,2009,2009,Texas,48,15003,24801761,60.5,59.5,61.5,0.5
,2009,2009,Utah,49,1229,2723421,45.1,42.6,47.7,1.3
,2009,2009,Vermont,50,522,624817,83.5,76.5,91,3.7
,2009,2009,Virginia,51,5774,7925937,72.8,71,74.8,1
,2009,2009,Washington,53,5231,6667426,78.5,76.3,80.6,1.1
,2009,2009,West Virginia,54,1413,1847775,76.5,72.5,80.6,2
,2009,2009,Wisconsin,55,4250,5669264,75,72.7,77.3,1.1
,2009,2009,Wyoming,56,335,559851,59.8,53.6,66.6,3.3
Total,2009,2009,,,223382,306771529,72.8,72.5,73.1,0.2
,2010,2010,Alabama,1,3452,4785492,72.1,69.7,74.6,1.2
,2010,2010,Alaska,2,418,714031,58.5,53.1,64.4,2.9
,2010,2010,Arizona,4,4143,6408312,64.7,62.7,66.6,1
,2010,2010,Arkansas,5,1968,2921995,67.4,64.4,70.4,1.5
,2010,2010,California,6,23927,37332685,64.1,63.3,64.9,0.4
,2010,2010,Colorado,8,3394,5048644,67.2,65,69.5,1.2
,2010,2010,Connecticut,9,3154,3579899,88.1,85.1,91.2,1.6
,2010,2010,Delaware,10,743,899816,82.6,76.7,88.7,3
,2010,2010,District of Columbia,11,478,605183,79,72.1,86.4,3.6
,2010,2010,Florida,12,14676,18849098,77.9,76.6,79.1,0.6
,2010,2010,Georgia,13,6272,9713521,64.6,63,66.2,0.8
,2010,2010,Hawaii,15,1077,1363945,79,74.3,83.8,2.4
,2010,2010,Idaho,16,1013,1571010,64.5,60.6,68.6,2
,2010,2010,Illinois,17,9463,12841578,73.7,72.2,75.2,0.8
,2010,2010,Indiana,18,4521,6490528,69.7,67.6,71.7,1
,2010,2010,Iowa,19,2374,3050738,77.8,74.7,81,1.6
,2010,2010,Kansas,20,1976,2858850,69.1,66.1,72.2,1.6
,2010,2010,Kentucky,21,3125,4348662,71.9,69.4,74.4,1.3
,2010,2010,Louisiana,22,3196,4544996,70.3,67.9,72.8,1.2
,2010,2010,Maine,23,1134,1327730,85.4,80.5,90.5,2.5
,2010,2010,Maryland,24,4479,5788584,77.4,75.1,79.7,1.2
,2010,2010,Massachusetts,25,5255,6565524,80,77.9,82.2,1.1
,2010,2010,Michigan,26,7160,9877495,72.5,70.8,74.2,0.9
,2010,2010,Minnesota,27,3913,5311147,73.7,71.4,76,1.2
,2010,2010,Mississippi,28,2019,2970322,68,65,71,1.5
,2010,2010,Missouri,29,4382,5996118,73.1,70.9,75.3,1.1
,2010,2010,Montana,30,807,990641,81.5,75.9,87.3,2.9
,2010,2010,Nebraska,31,1268,1830051,69.3,65.5,73.2,1.9
,2010,2010,Nevada,32,1625,2703284,60.1,57.2,63.1,1.5
,2010,2010,New Hampshire,33,1066,1316872,80.9,76.2,86,2.5
,2010,2010,New Jersey,34,7042,8803729,80,78.1,81.9,1
,2010,2010,New Mexico,35,1312,2064756,63.5,60.2,67.1,1.8
,2010,2010,New York,36,14659,19402640,75.6,74.3,76.8,0.6
,2010,2010,North Carolina,37,7286,9558915,76.2,74.5,78,0.9
,2010,2010,North Dakota,38,484,674526,71.8,65.5,78.4,3.3
,2010,2010,Ohio,39,8457,11540983,73.3,71.7,74.9,0.8
,2010,2010,Oklahoma,40,2599,3759603,69.1,66.5,71.8,1.4
,2010,2010,Oregon,41,2937,3838048,76.5,73.8,79.3,1.4
,2010,2010,Pennsylvania,42,10482,12712343,82.5,80.9,84,0.8
,2010,2010,Rhode Island,44,762,1053337,72.3,67.3,77.7,2.6
,2010,2010,South Carolina,45,3602,4635943,77.7,75.2,80.3,1.3
,2010,2010,South Dakota,46,539,816325,66,60.6,71.8,2.8
,2010,2010,Tennessee,47,4612,6356671,72.6,70.5,74.7,1.1
,2010,2010,Texas,48,14519,25244310,57.5,56.6,58.5,0.5
,2010,2010,Utah,49,1295,2775326,46.7,44.2,49.3,1.3
,2010,2010,Vermont,50,531,625982,84.8,77.8,92.4,3.7
,2010,2010,Virginia,51,5630,8025773,70.1,68.3,72,0.9
,2010,2010,Washington,53,4983,6743226,73.9,71.9,76,1
,2010,2010,West Virginia,54,1392,1854230,75.1,71.2,79.1,2
,2010,2010,Wisconsin,55,4158,5690263,73.1,70.9,75.3,1.1
,2010,2010,Wyoming,56,345,564513,61.1,54.8,67.9,3.3
Total,2010,2010,,,220104,309348193,71.2,70.9,71.4,0.2
,2011,2011,Alabama,1,3480,4799918,72.5,70.1,75,1.2
,2011,2011,Alaska,2,422,722713,58.4,53,64.2,2.8
,2011,2011,Arizona,4,4248,6467163,65.7,63.7,67.7,1
,2011,2011,Arkansas,5,1931,2939493,65.7,62.8,68.7,1.5
,2011,2011,California,6,25036,37676861,66.4,65.6,67.3,0.4
,2011,2011,Colorado,8,3372,5118360,65.9,63.7,68.1,1.1
,2011,2011,Connecticut,9,3136,3589893,87.4,84.3,90.5,1.6
,2011,2011,Delaware,10,717,907924,79,73.3,85,2.9
,2011,2011,District of Columbia,11,519,620477,83.6,76.6,91.2,3.7
,2011,2011,Florida,12,14840,19096952,77.7,76.5,79,0.6
,2011,2011,Georgia,13,6737,9811610,68.7,67,70.3,0.8
,2011,2011,Hawaii,15,1061,1377864,77,72.4,81.8,2.4
,2011,2011,Idaho,16,1003,1584143,63.3,59.5,67.4,2
,2011,2011,Illinois,17,9776,12860012,76,74.5,77.5,0.8
,2011,2011,Indiana,18,4561,6516480,70,68,72.1,1
,2011,2011,Iowa,19,2394,3065223,78.1,75,81.3,1.6
,2011,2011,Kansas,20,2087,2869503,72.7,69.6,75.9,1.6
,2011,2011,Kentucky,21,3227,4369354,73.9,71.3,76.4,1.3
,2011,2011,Louisiana,22,3248,4575404,71,68.6,73.5,1.2
,2011,2011,Maine,23,1149,1328231,86.5,81.6,91.7,2.6
,2011,2011,Maryland,24,4574,5843603,78.3,76,80.6,1.2
,2011,2011,Massachusetts,25,5642,6611923,85.3,83.1,87.6,1.1
,2011,2011,Michigan,26,7554,9876213,76.5,74.8,78.2,0.9
,2011,2011,Minnesota,27,4171,5348562,78,75.6,80.4,1.2
,2011,2011,Mississippi,28,1995,2978162,67,64.1,70,1.5
,2011,2011,Missouri,29,4710,6010717,78.4,76.1,80.6,1.1
,2011,2011,Montana,30,804,997821,80.6,75.1,86.3,2.8
,2011,2011,Nebraska,31,1333,1842283,72.4,68.5,76.3,2
,2011,2011,Nevada,32,1684,2718379,61.9,59,65,1.5
,2011,2011,New Hampshire,33,1176,1318473,89.2,84.2,94.4,2.6
,2011,2011,New Jersey,34,7059,8841243,79.8,78,81.7,1
,2011,2011,New Mexico,35,1397,2077756,67.2,63.8,70.9,1.8
,2011,2011,New York,36,15570,19519529,79.8,78.5,81,0.6
,2011,2011,North Carolina,37,7660,9650963,79.4,77.6,81.2,0.9
,2011,2011,North Dakota,38,480,685476,70,63.9,76.6,3.2
,2011,2011,Ohio,39,8995,11544824,77.9,76.3,79.5,0.8
,2011,2011,Oklahoma,40,2595,3786274,68.5,65.9,71.2,1.3
,2011,2011,Oregon,41,3071,3868031,79.4,76.6,82.3,1.4
,2011,2011,Pennsylvania,42,10783,12744293,84.6,83,86.2,0.8
,2011,2011,Rhode Island,44,849,1052451,80.7,75.3,86.3,2.8
,2011,2011,South Carolina,45,3638,4672637,77.9,75.3,80.4,1.3
,2011,2011,South Dakota,46,642,824398,77.9,72,84.1,3.1
,2011,2011,Tennessee,47,4760,6397634,74.4,72.3,76.5,1.1
,2011,2011,Texas,48,14311,25646389,55.8,54.9,56.7,0.5
,2011,2011,Utah,49,1406,2816124,49.9,47.4,52.6,1.3
,2011,2011,Vermont,50,521,626730,83.1,76.1,90.6,3.6
,2011,2011,Virginia,51,5977,8110035,73.7,71.8,75.6,1
,2011,2011,Washington,53,5289,6822520,77.5,75.4,79.6,1.1
,2011,2011,West Virginia,54,1412,1854972,76.1,72.2,80.2,2
,2011,2011,Wisconsin,55,4477,5709640,78.4,76.1,80.7,1.2
,2011,2011,Wyoming,56,382,567725,67.3,60.7,74.4,3.4
Total,2011,2011,,,227861,311663358,73.1,72.8,73.4,0.2
,2012,2012,Alabama,1,3602,4815960,74.8,72.4,77.3,1.2
,2012,2012,Alaska,2,411,731089,56.2,50.9,61.9,2.8
,2012,2012,Arizona,4,4266,6549634,65.1,63.2,67.1,1
,2012,2012,Arkansas,5,2008,2950685,68.1,65.1,71.1,1.5
,2012,2012,California,6,25455,38011074,67,66.1,67.8,0.4
,2012,2012,Colorado,8,3529,5189867,68,65.8,70.3,1.1
,2012,2012,Connecticut,9,3165,3593795,88.1,85,91.2,1.6
,2012,2012,Delaware,10,731,916993,79.7,74,85.7,2.9
,2012,2012,District of Columbia,11,466,635327,73.3,66.8,80.3,3.4
,2012,2012,Florida,12,15467,19344156,80,78.7,81.2,0.6
,2012,2012,Georgia,13,6791,9914668,68.5,66.9,70.1,0.8
,2012,2012,Hawaii,15,1164,1391820,83.6,78.9,88.6,2.5
,2012,2012,Idaho,16,1095,1595911,68.6,64.6,72.8,2.1
,2012,2012,Illinois,17,9612,12870798,74.7,73.2,76.2,0.8
,2012,2012,Indiana,18,4675,6537743,71.5,69.5,73.6,1
,2012,2012,Iowa,19,2192,3076310,71.3,68.3,74.3,1.5
,2012,2012,Kansas,20,2110,2885262,73.1,70,76.3,1.6
,2012,2012,Kentucky,21,3322,4384799,75.8,73.2,78.4,1.3
,2012,2012,Louisiana,22,3262,4603429,70.9,68.4,73.3,1.2
,2012,2012,Maine,23,1137,1328895,85.6,80.7,90.7,2.5
,2012,2012,Maryland,24,4617,5889651,78.4,76.1,80.7,1.2
,2012,2012,Massachusetts,25,5681,6658008,85.3,83.1,87.6,1.1
,2012,2012,Michigan,26,7846,9887238,79.4,77.6,81.1,0.9
,2012,2012,Minnesota,27,4072,5380285,75.7,73.4,78,1.2
,2012,2012,Mississippi,28,2098,2984945,70.3,67.3,73.4,1.5
,2012,2012,Missouri,29,4731,6025415,78.5,76.3,80.8,1.1
,2012,2012,Montana,30,748,1005196,74.4,69.2,79.9,2.7
,2012,2012,Nebraska,31,1295,1855725,69.8,66,73.7,1.9
,2012,2012,Nevada,32,1732,2752565,62.9,60,66,1.5
,2012,2012,New Hampshire,33,1155,1321182,87.4,82.5,92.6,2.6
,2012,2012,New Jersey,34,7229,8873211,81.5,79.6,83.4,1
,2012,2012,New Mexico,35,1452,2083784,69.7,66.1,73.4,1.8
,2012,2012,New York,36,15260,19602769,77.8,76.6,79.1,0.6
,2012,2012,North Carolina,37,7554,9746175,77.5,75.8,79.3,0.9
,2012,2012,North Dakota,38,487,702087,69.4,63.3,75.8,3.1
,2012,2012,Ohio,39,8968,11550839,77.6,76,79.3,0.8
,2012,2012,Oklahoma,40,2610,3817054,68.4,65.8,71.1,1.3
,2012,2012,Oregon,41,3139,3899116,80.5,77.7,83.4,1.4
,2012,2012,Pennsylvania,42,10910,12771854,85.4,83.8,87,0.8
,2012,2012,Rhode Island,44,940,1052901,89.3,83.7,95.2,2.9
,2012,2012,South Carolina,45,3830,4720760,81.1,78.6,83.7,1.3
,2012,2012,South Dakota,46,682,834441,81.7,75.7,88.1,3.1
,2012,2012,Tennessee,47,4883,6454306,75.7,73.5,77.8,1.1
,2012,2012,Texas,48,15158,26071655,58.1,57.2,59.1,0.5
,2012,2012,Utah,49,1429,2855782,50,47.5,52.7,1.3
,2012,2012,Vermont,50,533,626444,85.1,78,92.6,3.7
,2012,2012,Virginia,51,6092,8192048,74.4,72.5,76.3,1
,2012,2012,Washington,53,5498,6895226,79.7,77.6,81.9,1.1
,2012,2012,West Virginia,54,1473,1856560,79.3,75.3,83.5,2.1
,2012,2012,Wisconsin,55,4508,5726177,78.7,76.4,81.1,1.2
,2012,2012,Wyoming,56,355,576765,61.6,55.3,68.3,3.3
Total,2012,2012,,,231425,313998379,73.7,73.4,74,0.2
,2013,2013,Alabama,1,3720,4829479,77,74.6,79.5,1.3
,2013,2013,Alaska,2,420,736879,57,51.7,62.7,2.8
,2013,2013,Arizona,4,4557,6624617,68.8,66.8,70.8,1
,2013,2013,Arkansas,5,2209,2958663,74.7,71.6,77.8,1.6
,2013,2013,California,6,25960,38335203,67.7,66.9,68.5,0.4
,2013,2013,Colorado,8,3637,5267603,69,66.8,71.3,1.1
,2013,2013,Connecticut,9,3198,3596003,88.9,85.9,92.1,1.6
,2013,2013,Delaware,10,877,925395,94.8,88.6,101.3,3.2
,2013,2013,District of Columbia,11,483,649165,74.4,67.9,81.3,3.4
,2013,2013,Florida,12,15665,19582022,80,78.7,81.3,0.6
,2013,2013,Georgia,13,6976,9984938,69.9,68.2,71.5,0.8
,2013,2013,Hawaii,15,1226,1406481,87.2,82.4,92.2,2.5
,2013,2013,Idaho,16,1091,1612011,67.7,63.7,71.8,2
,2013,2013,Illinois,17,10026,12879505,77.8,76.3,79.4,0.8
,2013,2013,Indiana,18,4810,6569102,73.2,71.2,75.3,1.1
,2013,2013,Iowa,19,2256,3091930,73,70,76,1.5
,2013,2013,Kansas,20,1976,2892821,68.3,65.3,71.4,1.5
,2013,2013,Kentucky,21,3382,4400477,76.9,74.3,79.5,1.3
,2013,2013,Louisiana,22,3381,4626402,73.1,70.6,75.6,1.3
,2013,2013,Maine,23,1174,1329076,88.3,83.4,93.5,2.6
,2013,2013,Maryland,24,4920,5931129,83,80.7,85.3,1.2
,2013,2013,Massachusetts,25,5803,6706786,86.5,84.3,88.8,1.1
,2013,2013,Michigan,26,7923,9898982,80,78.3,81.8,0.9
,2013,2013,Minnesota,27,4042,5418521,74.6,72.3,76.9,1.2
,2013,2013,Mississippi,28,2032,2990482,67.9,65,71,1.5
,2013,2013,Missouri,29,4713,6042711,78,75.8,80.3,1.1
,2013,2013,Montana,30,732,1014314,72.2,67,77.6,2.7
,2013,2013,Nebraska,31,1340,1868559,71.7,67.9,75.7,2
,2013,2013,Nevada,32,1769,2786464,63.5,60.6,66.5,1.5
,2013,2013,New Hampshire,33,1288,1322687,97.4,92.1,102.8,2.7
,2013,2013,New Jersey,34,7581,8899162,85.2,83.3,87.1,1
,2013,2013,New Mexico,35,1447,2085193,69.4,65.9,73.1,1.8
,2013,2013,New York,36,15959,19673546,81.1,79.9,82.4,0.6
,2013,2013,North Carolina,37,7801,9841590,79.3,77.5,81,0.9
,2013,2013,North Dakota,38,504,724019,69.6,63.7,76,3.1
,2013,2013,Ohio,39,9309,11570022,80.5,78.8,82.1,0.8
,2013,2013,Oklahoma,40,2666,3852415,69.2,66.6,71.9,1.3
,2013,2013,Oregon,41,3191,3925751,81.3,78.5,84.2,1.4
,2013,2013,Pennsylvania,42,11179,12781338,87.5,85.8,89.1,0.8
,2013,2013,Rhode Island,44,934,1053033,88.7,83.1,94.6,2.9
,2013,2013,South Carolina,45,3899,4767894,81.8,79.2,84.4,1.3
,2013,2013,South Dakota,46,729,844922,86.3,80.1,92.8,3.2
,2013,2013,Tennessee,47,5128,6494821,79,76.8,81.1,1.1
,2013,2013,Texas,48,15355,26473525,58,57.1,58.9,0.5
,2013,2013,Utah,49,1401,2902663,48.3,45.8,50.9,1.3
,2013,2013,Vermont,50,528,627140,84.2,77.2,91.7,3.7
,2013,2013,Virginia,51,6375,8262692,77.2,75.3,79.1,1
,2013,2013,Washington,53,5519,6968006,79.2,77.1,81.3,1.1
,2013,2013,West Virginia,54,1486,1853231,80.2,76.2,84.4,2.1
,2013,2013,Wisconsin,55,4614,5742854,80.3,78,82.7,1.2
,2013,2013,Wyoming,56,357,582684,61.3,55.1,68,3.2
Total,2013,2013,,,237548,316204908,75.1,74.8,75.4,0.2
,2014,2014,Alabama,1,3748,4843214,77.4,74.9,79.9,1.3
,2014,2014,Alaska,2,438,736705,59.5,54,65.3,2.8
,2014,2014,Arizona,4,4726,6719993,70.3,68.3,72.4,1
,2014,2014,Arkansas,5,2149,2966912,72.4,69.4,75.6,1.6
,2014,2014,California,6,25990,38680810,67.2,66.4,68,0.4
,2014,2014,Colorado,8,3754,5349648,70.2,67.9,72.5,1.1
,2014,2014,Connecticut,9,3305,3591873,92,88.9,95.2,1.6
,2014,2014,Delaware,10,852,934948,91.1,85.1,97.5,3.1
,2014,2014,District of Columbia,11,502,659005,76.2,69.7,83.1,3.4
,2014,2014,Florida,12,15951,19888741,80.2,79,81.5,0.6
,2014,2014,Georgia,13,7250,10087231,71.9,70.2,73.5,0.8
,2014,2014,Hawaii,15,1182,1416349,83.5,78.8,88.4,2.4
,2014,2014,Idaho,16,1164,1633532,71.3,67.2,75.5,2.1
,2014,2014,Illinois,17,10322,12867544,80.2,78.7,81.8,0.8
,2014,2014,Indiana,18,4947,6595233,75,72.9,77.1,1.1
,2014,2014,Iowa,19,2412,3108030,77.6,74.5,80.8,1.6
,2014,2014,Kansas,20,2143,2899360,73.9,70.8,77.1,1.6
,2014,2014,Kentucky,21,3512,4413057,79.6,77,82.3,1.3
,2014,2014,Louisiana,22,3401,4647880,73.2,70.7,75.7,1.3
,2014,2014,Maine,23,1221,1330719,91.8,86.7,97,2.6
,2014,2014,Maryland,24,4859,5967295,81.4,79.2,83.7,1.2
,2014,2014,Massachusetts,25,5922,6749911,87.7,85.5,90,1.1
,2014,2014,Michigan,26,7559,9915767,76.2,74.5,78,0.9
,2014,2014,Minnesota,27,4241,5453109,77.8,75.4,80.1,1.2
,2014,2014,Mississippi,28,2076,2992400,69.4,66.4,72.4,1.5
,2014,2014,Missouri,29,4909,6060930,81,78.7,83.3,1.2
,2014,2014,Montana,30,847,1022867,82.8,77.3,88.6,2.8
,2014,2014,Nebraska,31,1391,1881145,73.9,70.1,77.9,2
,2014,2014,Nevada,32,1775,2833013,62.7,59.8,65.6,1.5
,2014,2014,New Hampshire,33,1292,1328743,97.2,92,102.7,2.7
,2014,2014,New Jersey,34,7615,8925001,85.3,83.4,87.3,1
,2014,2014,New Mexico,35,1384,2083024,66.4,63,70,1.8
,2014,2014,New York,36,16256,19718515,82.4,81.2,83.7,0.6
,2014,2014,North Carolina,37,8211,9934399,82.7,80.9,84.5,0.9
,2014,2014,North Dakota,38,465,739904,62.8,57.3,68.8,2.9
,2014,2014,Ohio,39,9462,11594408,81.6,80,83.3,0.8
,2014,2014,Oklahoma,40,2754,3877499,71,68.4,73.7,1.4
,2014,2014,Oregon,41,3081,3968371,77.6,74.9,80.4,1.4
,2014,2014,Pennsylvania,42,11197,12790565,87.5,85.9,89.2,0.8
,2014,2014,Rhode Island,44,914,1054480,86.7,81.1,92.5,2.9
,2014,2014,South Carolina,45,3913,4828430,81,78.5,83.6,1.3
,2014,2014,South Dakota,46,617,852561,72.4,66.8,78.3,2.9
,2014,2014,Tennessee,47,4877,6544663,74.5,72.4,76.6,1.1
,2014,2014,Texas,48,15805,26944751,58.7,57.7,59.6,0.5
,2014,2014,Utah,49,1540,2941836,52.3,49.8,55,1.3
,2014,2014,Vermont,50,574,626984,91.5,84.2,99.4,3.8
,2014,2014,Virginia,51,6567,8317372,79,77.1,80.9,1
,2014,2014,Washington,53,5643,7054196,80,77.9,82.1,1.1
,2014,2014,West Virginia,54,1439,1848514,77.8,73.9,82,2.1
,2014,2014,Wisconsin,55,4568,5758377,79.3,77,81.7,1.2
,2014,2014,Wyoming,56,416,583642,71.3,64.6,78.5,3.5
Total,2014,2014,,,241138,318563456,75.7,75.4,76,0.2
,2015,2015,Alabama,1,3863,4853875,79.6,77.1,82.1,1.3
,2015,2015,Alaska,2,430,737709,58.3,52.9,64.1,2.8
,2015,2015,Arizona,4,4655,6817565,68.3,66.3,70.3,1
,2015,2015,Arkansas,5,2189,2977853,73.5,70.5,76.7,1.6
,2015,2015,California,6,26945,38993940,69.1,68.3,69.9,0.4
,2015,2015,Colorado,8,3772,5448819,69.2,67,71.5,1.1
,2015,2015,Connecticut,9,3359,3584730,93.7,90.6,96.9,1.6
,2015,2015,Delaware,10,853,944076,90.4,84.4,96.6,3.1
,2015,2015,District of Columbia,11,421,670377,62.8,56.9,69.1,3.1
,2015,2015,Florida,12,15976,20244914,78.9,77.7,80.1,0.6
,2015,2015,Georgia,13,7438,10199398,72.9,71.3,74.6,0.8
,2015,2015,Hawaii,15,1186,1425157,83.2,78.5,88.1,2.4
,2015,2015,Idaho,16,1175,1652828,71.1,67.1,75.3,2.1
,2015,2015,Illinois,17,10430,12839047,81.2,79.7,82.8,0.8
,2015,2015,Indiana,18,4889,6612768,73.9,71.9,76,1.1
,2015,2015,Iowa,19,2494,3121997,79.9,76.8,83.1,1.6
,2015,2015,Kansas,20,2237,2906721,77,73.8,80.2,1.6
,2015,2015,Kentucky,21,3519,4424611,79.5,76.9,82.2,1.3
,2015,2015,Louisiana,22,3541,4668960,75.8,73.4,78.4,1.3
,2015,2015,Maine,23,1186,1329453,89.2,84.2,94.4,2.6
,2015,2015,Maryland,24,4918,5994983,82,79.8,84.4,1.2
,2015,2015,Massachusetts,25,5932,6784240,87.4,85.2,89.7,1.1
,2015,2015,Michigan,26,7588,9917715,76.5,74.8,78.3,0.9
,2015,2015,Minnesota,27,4408,5482435,80.4,78,82.8,1.2
,2015,2015,Mississippi,28,2146,2989390,71.8,68.8,74.9,1.5
,2015,2015,Missouri,29,4988,6076204,82.1,79.8,84.4,1.2
,2015,2015,Montana,30,861,1032073,83.4,77.9,89.2,2.8
,2015,2015,Nebraska,31,1423,1893765,75.1,71.3,79.1,2
,2015,2015,Nevada,32,1766,2883758,61.2,58.4,64.2,1.5
,2015,2015,New Hampshire,33,1313,1330111,98.7,93.4,104.2,2.7
,2015,2015,New Jersey,34,7652,8935421,85.6,83.7,87.6,1
,2015,2015,New Mexico,35,1419,2080328,68.2,64.7,71.9,1.8
,2015,2015,New York,36,16551,19747183,83.8,82.5,85.1,0.7
,2015,2015,North Carolina,37,8362,10035186,83.3,81.6,85.1,0.9
,2015,2015,North Dakota,38,564,756835,74.5,68.5,80.9,3.1
,2015,2015,Ohio,39,9549,11605090,82.3,80.6,84,0.8
,2015,2015,Oklahoma,40,2831,3907414,72.5,69.8,75.2,1.4
,2015,2015,Oregon,41,2970,4024634,73.8,71.2,76.5,1.4
,2015,2015,Pennsylvania,42,11179,12791904,87.4,85.8,89,0.8
,2015,2015,Rhode Island,44,953,1055607,90.3,84.6,96.2,2.9
,2015,2015,South Carolina,45,4123,4894834,84.2,81.7,86.8,1.3
,2015,2015,South Dakota,46,653,857919,76.1,70.4,82.2,3
,2015,2015,Tennessee,47,5124,6595056,77.7,75.6,79.9,1.1
,2015,2015,Texas,48,16334,27429639,59.5,58.6,60.5,0.5
,2015,2015,Utah,49,1512,2990632,50.6,48,53.2,1.3
,2015,2015,Vermont,50,556,626088,88.8,81.6,96.5,3.8
,2015,2015,Virginia,51,6352,8367587,75.9,74.1,77.8,1
,2015,2015,Washington,53,5667,7160290,79.1,77.1,81.2,1.1
,2015,2015,West Virginia,54,1510,1841053,82,77.9,86.3,2.1
,2015,2015,Wisconsin,55,4657,5767891,80.7,78.4,83.1,1.2
,2015,2015,Wyoming,56,346,586555,59,52.9,65.5,3.2
Total,2015,2015,,,244765,320896618,76.3,76,76.6,0.2
Total,,,,,3657718,5094949006,71.8,71.7,71.9,0
---,,,,,,,,,,
"Dataset: United States and Puerto Rico Cancer Statistics, 1999-2015 Incidence",,,,,,,,,,
Query Parameters:,,,,,,,,,,
Leading Cancer Sites: Breast,,,,,,,,,,
Group By: Year; States,,,,,,,,,,
Show Totals: True,,,,,,,,,,
Show Zero Values: True,,,,,,,,,,
Show Suppressed: False,,,,,,,,,,
"Calculate Rates Per: 100,000",,,,,,,,,,
Standard Population: 2000 U.S. Std. Million,,,,,,,,,,
---,,,,,,,,,,
Help: See http://wonder.cdc.gov/wonder/help/cancer-v2015.html for more information.,,,,,,,,,,
---,,,,,,,,,,
"Query Date: Jul 24, 2019 10:10:50 AM",,,,,,,,,,
---,,,,,,,,,,
"Suggested Citation: United States Cancer Statistics: 1999 - 2015 Incidence, WONDER Online Database. United States Department of",,,,,,,,,,
"Health and Human Services, Centers for Disease Control and Prevention and National Cancer Institute; 2018. Accessed at",,,,,,,,,,
"http://wonder.cdc.gov/cancer-v2015.html on Jul 24, 2019 10:10:50 AM",,,,,,,,,,
---,,,,,,,,,,
Caveats:,,,,,,,,,,
"1. 'Not Applicable' is displayed for Population when it is not available, and for Age Adjusted Rates, Crude Rates, 95%",,,,,,,,,,
"Confidence Interval, and Standard Error when they cannot be calculated due to lack of denominator population.",,,,,,,,,,
2. 'Missing' is displayed for a combination of states/territories/MSAs and years that did not meet the United States Cancer,,,,,,,,,,
Statistics (USCS) publication standard or did not allow permission for their data to be used.,,,,,,,,,,
3. These states are missing data for the indicated year: Arkansas 1999-2000; Mississippi 1999-2002; South Dakota 1999-2000.,,,,,,,,,,
4. Data are from selected statewide and metropolitan area cancer registries that meet data quality criteria. Incidence data,,,,,,,,,,
shown for the United States are diagnoses and populations from included registries only.,,,,,,,,,,
"5. Information on primary site, behavior, and histology was coded according to the International Classification of Diseases for",,,,,,,,,,
"Oncology, Third Edition (ICD-O-3) and categorized according to the revised SEER recodes dated January 27, 2003, which define",,,,,,,,,,
standard groupings of primary cancer sites.,,,,,,,,,,
"6. For the 2005 year, the Census Bureau estimates that 203,937 persons were displaced from Alabama, Louisiana, Mississippi and",,,,,,,,,,
Texas due to Hurricanes Katrina and Rita. CDC WONDER does not include the displaced persons in the 2005 population counts for,,,,,,,,,,
"these states, nor are these counts included in the summary populations for the affected division, regions or national",,,,,,,,,,
"population. However, the USCS web site does include these displaced persons in the national population figures for 2005.",,,,,,,,,,